eu_code,eu_desc,current_hs6_in_pushed_file,gpt_assessment,recommended_hs6_or_policy,action_type,priority,reason,evidence_or_hs2012_basis,pipeline_target,policy_note,source_concordance_sha,source_concordance_url,source_hs2012_url,source_annex_url,reviewer,review_date
BULK_RULE_007,HS2012 existence and format,any nonblank hs6 token,PIPELINE,must match six digits and exist in product_codes_HS12_V202601.csv,CI_VALIDATION,P0,This blocks invalid HS6 tokens and prevents accidental semicolon strings from being treated as one code.,Pipeline rule proposed by GPT; implement in scripts/validate_*.py and build_release.py.,pipeline/rules/scripts,bulk_rule,bc546a073d8dabec38a4181bb93dcc30f4d8cdc4,https://raw.githubusercontent.com/tranphu1508/XxX123/main/concordance_review_package/data/concordance_final_asean.csv,https://raw.githubusercontent.com/tranphu1508/XxX123/main/concordance_review_package/sources/product_codes_HS12_V202601.csv,https://raw.githubusercontent.com/tranphu1508/XxX123/main/concordance_review_package/sources/annex1_species_to_code.csv,GPT-5.5 Pro,2026-06-28
0500010,Barley,100310; 100390,NGỜ,100310;100390,EXPLODE_TO_RELEASE_LONG,P0,Current barley split is conceptually reasonable; normalize to long format.,Pipeline rule: release_long must have exactly one HS6 per row; never merge trade data on a semicolon-delimited field.,concordance_final_asean.csv,,bc546a073d8dabec38a4181bb93dcc30f4d8cdc4,https://raw.githubusercontent.com/tranphu1508/XxX123/main/concordance_review_package/data/concordance_final_asean.csv,https://raw.githubusercontent.com/tranphu1508/XxX123/main/concordance_review_package/sources/product_codes_HS12_V202601.csv,https://raw.githubusercontent.com/tranphu1508/XxX123/main/concordance_review_package/sources/annex1_species_to_code.csv,GPT-5.5 Pro,2026-06-28
0500060,Rice,100610;100620;100630;100640,NGỜ,100610;100620;100630;100640,EXPLODE_TO_RELEASE_LONG,P0,Current one-to-many mapping is conceptually reasonable but must not remain as semicolon text in a trade merge key.,Pipeline rule: release_long must have exactly one HS6 per row; never merge trade data on a semicolon-delimited field.,concordance_final_asean.csv,,bc546a073d8dabec38a4181bb93dcc30f4d8cdc4,https://raw.githubusercontent.com/tranphu1508/XxX123/main/concordance_review_package/data/concordance_final_asean.csv,https://raw.githubusercontent.com/tranphu1508/XxX123/main/concordance_review_package/sources/product_codes_HS12_V202601.csv,https://raw.githubusercontent.com/tranphu1508/XxX123/main/concordance_review_package/sources/annex1_species_to_code.csv,GPT-5.5 Pro,2026-06-28
0500090,Wheat,100111; 100119; 100191; 100199,NGỜ,100111;100119;100191;100199,EXPLODE_TO_RELEASE_LONG,P0,Current wheat split covers durum/common seed and non-seed wheat; normalize to long format.,Pipeline rule: release_long must have exactly one HS6 per row; never merge trade data on a semicolon-delimited field.,concordance_final_asean.csv,,bc546a073d8dabec38a4181bb93dcc30f4d8cdc4,https://raw.githubusercontent.com/tranphu1508/XxX123/main/concordance_review_package/data/concordance_final_asean.csv,https://raw.githubusercontent.com/tranphu1508/XxX123/main/concordance_review_package/sources/product_codes_HS12_V202601.csv,https://raw.githubusercontent.com/tranphu1508/XxX123/main/concordance_review_package/sources/annex1_species_to_code.csv,GPT-5.5 Pro,2026-06-28
0610000,Teas,090210;090220;090230;090240,NGỜ,090210;090220;090230;090240,EXPLODE_TO_RELEASE_LONG,P0,Tea split covers green/black and package-size splits; normalize to long format.,Pipeline rule: release_long must have exactly one HS6 per row; never merge trade data on a semicolon-delimited field.,concordance_final_asean.csv,,bc546a073d8dabec38a4181bb93dcc30f4d8cdc4,https://raw.githubusercontent.com/tranphu1508/XxX123/main/concordance_review_package/data/concordance_final_asean.csv,https://raw.githubusercontent.com/tranphu1508/XxX123/main/concordance_review_package/sources/product_codes_HS12_V202601.csv,https://raw.githubusercontent.com/tranphu1508/XxX123/main/concordance_review_package/sources/annex1_species_to_code.csv,GPT-5.5 Pro,2026-06-28
0810000,Seed spices,090921,SAI,NO_DIRECT_GROUP_MAP; use children under 0810xxx,GROUP_HEADING_DO_NOT_EXPORT,P0,"Current group anchor 090921 is coriander seed only. The group includes anise, celery, coriander, cumin, dill, fennel, fenugreek, nutmeg and others, spanning several HS codes.","HS2012 seed-spice codes include 090921/090922, 090931/090932, 090961/090962, 091099, 090811/090812 etc.",concordance_final_asean.csv,,bc546a073d8dabec38a4181bb93dcc30f4d8cdc4,https://raw.githubusercontent.com/tranphu1508/XxX123/main/concordance_review_package/data/concordance_final_asean.csv,https://raw.githubusercontent.com/tranphu1508/XxX123/main/concordance_review_package/sources/product_codes_HS12_V202601.csv,https://raw.githubusercontent.com/tranphu1508/XxX123/main/concordance_review_package/sources/annex1_species_to_code.csv,GPT-5.5 Pro,2026-06-28
0820000,Fruit spices,090411,SAI,NO_DIRECT_GROUP_MAP; use children under 0820xxx,GROUP_HEADING_DO_NOT_EXPORT,P0,"Current group anchor 090411 is Piper nigrum pepper only. Fruit spices include allspice, Sichuan pepper, cardamom, juniper, peppercorn, vanilla, tamarind and others.","HS2012 spans 090411/090412, 090421/090422, 090510/090520, 090831/090832, 090961/090962, 091099.",concordance_final_asean.csv,,bc546a073d8dabec38a4181bb93dcc30f4d8cdc4,https://raw.githubusercontent.com/tranphu1508/XxX123/main/concordance_review_package/data/concordance_final_asean.csv,https://raw.githubusercontent.com/tranphu1508/XxX123/main/concordance_review_package/sources/product_codes_HS12_V202601.csv,https://raw.githubusercontent.com/tranphu1508/XxX123/main/concordance_review_package/sources/annex1_species_to_code.csv,GPT-5.5 Pro,2026-06-28
0840000,Root and rhizome spices,091020,SAI,"NO_DIRECT_GROUP_MAP; use children: 0840010,0840020,0840030,0840040,0840990",GROUP_HEADING_DO_NOT_EXPORT,P0,"Current group anchor 091020 is saffron, not root/rhizome spices. This heading should not be exported as a single HS6 row.","Children currently map across liquorice, ginger, turmeric, horseradish and other root/rhizome spices.",concordance_final_asean.csv,,bc546a073d8dabec38a4181bb93dcc30f4d8cdc4,https://raw.githubusercontent.com/tranphu1508/XxX123/main/concordance_review_package/data/concordance_final_asean.csv,https://raw.githubusercontent.com/tranphu1508/XxX123/main/concordance_review_package/sources/product_codes_HS12_V202601.csv,https://raw.githubusercontent.com/tranphu1508/XxX123/main/concordance_review_package/sources/annex1_species_to_code.csv,GPT-5.5 Pro,2026-06-28
BULK_RULE_002,No stale NO_HS6 flag when hs6 is populated,needs_review == NO_HS6 and hs6 nonempty,PIPELINE,clear NO_HS6 or set to resolved/adjudicate,METADATA_VALIDATION,P0,"Rows such as HOPS, Cocoa beans, Algae and Carobs now have hs6 populated but still carry NO_HS6 metadata. This confuses downstream review state.",Pipeline rule proposed by GPT; implement in scripts/validate_*.py and build_release.py.,pipeline/rules/scripts,bulk_rule,bc546a073d8dabec38a4181bb93dcc30f4d8cdc4,https://raw.githubusercontent.com/tranphu1508/XxX123/main/concordance_review_package/data/concordance_final_asean.csv,https://raw.githubusercontent.com/tranphu1508/XxX123/main/concordance_review_package/sources/product_codes_HS12_V202601.csv,https://raw.githubusercontent.com/tranphu1508/XxX123/main/concordance_review_package/sources/annex1_species_to_code.csv,GPT-5.5 Pro,2026-06-28
BULK_RULE_003,Regenerate hs6_lumped after hs6 changes,hs6_lumped points to old code,PIPELINE,regenerate or blank stale lumped marker,METADATA_VALIDATION,P0,Many rows now have corrected hs6 but hs6_lumped still says e.g. old 071331/070930/070410 anchors. Treat this as stale metadata.,Pipeline rule proposed by GPT; implement in scripts/validate_*.py and build_release.py.,pipeline/rules/scripts,bulk_rule,bc546a073d8dabec38a4181bb93dcc30f4d8cdc4,https://raw.githubusercontent.com/tranphu1508/XxX123/main/concordance_review_package/data/concordance_final_asean.csv,https://raw.githubusercontent.com/tranphu1508/XxX123/main/concordance_review_package/sources/product_codes_HS12_V202601.csv,https://raw.githubusercontent.com/tranphu1508/XxX123/main/concordance_review_package/sources/annex1_species_to_code.csv,GPT-5.5 Pro,2026-06-28
BULK_RULE_001,No literal nan in hs6,any hs6 == 'nan',PIPELINE,blank cell,NORMALIZE_NULLS,P0,The current CSV uses literal 'nan' in many hs6 cells. This will pass string-based regex checks unless explicitly blocked. Convert to empty string before validation/export.,Pipeline rule proposed by GPT; implement in scripts/validate_*.py and build_release.py.,pipeline/rules/scripts,bulk_rule,bc546a073d8dabec38a4181bb93dcc30f4d8cdc4,https://raw.githubusercontent.com/tranphu1508/XxX123/main/concordance_review_package/data/concordance_final_asean.csv,https://raw.githubusercontent.com/tranphu1508/XxX123/main/concordance_review_package/sources/product_codes_HS12_V202601.csv,https://raw.githubusercontent.com/tranphu1508/XxX123/main/concordance_review_package/sources/annex1_species_to_code.csv,GPT-5.5 Pro,2026-06-28
BULK_RULE_004,Excluded rows must not enter release,phase2_status contains excluded_nec or excluded_nonfood,PIPELINE,release_ready = false,RELEASE_FILTER,P0,"Catch-all Others and animal/nonfood rows can retain notes or provisional HS6, but build_release.py must filter them out unless explicitly re-included.",Pipeline rule proposed by GPT; implement in scripts/validate_*.py and build_release.py.,pipeline/rules/scripts,bulk_rule,bc546a073d8dabec38a4181bb93dcc30f4d8cdc4,https://raw.githubusercontent.com/tranphu1508/XxX123/main/concordance_review_package/data/concordance_final_asean.csv,https://raw.githubusercontent.com/tranphu1508/XxX123/main/concordance_review_package/sources/product_codes_HS12_V202601.csv,https://raw.githubusercontent.com/tranphu1508/XxX123/main/concordance_review_package/sources/annex1_species_to_code.csv,GPT-5.5 Pro,2026-06-28
BULK_RULE_006,Group headings blocked from release_long,eu_code ending 0000 or group-level phase2_status,PIPELINE,use children only,RELEASE_FILTER,P0,Group headings often have placeholder anchors that are not valid product-level concordances.,Pipeline rule proposed by GPT; implement in scripts/validate_*.py and build_release.py.,pipeline/rules/scripts,bulk_rule,bc546a073d8dabec38a4181bb93dcc30f4d8cdc4,https://raw.githubusercontent.com/tranphu1508/XxX123/main/concordance_review_package/data/concordance_final_asean.csv,https://raw.githubusercontent.com/tranphu1508/XxX123/main/concordance_review_package/sources/product_codes_HS12_V202601.csv,https://raw.githubusercontent.com/tranphu1508/XxX123/main/concordance_review_package/sources/annex1_species_to_code.csv,GPT-5.5 Pro,2026-06-28
BULK_RULE_005,One HS6 per release_long row,hs6 contains ';',PIPELINE,explode to release_long,RELEASE_FORMAT,P0,Semicolon-delimited HS fields are acceptable in review table but unsafe as merge keys for trade data.,Pipeline rule proposed by GPT; implement in scripts/validate_*.py and build_release.py.,pipeline/rules/scripts,bulk_rule,bc546a073d8dabec38a4181bb93dcc30f4d8cdc4,https://raw.githubusercontent.com/tranphu1508/XxX123/main/concordance_review_package/data/concordance_final_asean.csv,https://raw.githubusercontent.com/tranphu1508/XxX123/main/concordance_review_package/sources/product_codes_HS12_V202601.csv,https://raw.githubusercontent.com/tranphu1508/XxX123/main/concordance_review_package/sources/annex1_species_to_code.csv,GPT-5.5 Pro,2026-06-28
0140020,Cherries (sweet),080921,SAI,080921;080929,REPLACE_OR_SPLIT_HS6,P0,"Current code 080921 is sour cherries. The Annex parent is sweet cherries and also contains a sour-cherry subitem; to cover the whole EU code use both sour and other cherries, or use 080929 if mapping only the parent/main sweet-cherry commodity.","Annex: 0140020 is Cerasus avium / Prunus avium, with subitem sour cherries; HS2012: 080921 sour cherries, 080929 other cherries.",concordance_final_asean.csv,"Adjudicate whether parent-only mapping should be 080929, or parent+subitems should be 080921;080929.",bc546a073d8dabec38a4181bb93dcc30f4d8cdc4,https://raw.githubusercontent.com/tranphu1508/XxX123/main/concordance_review_package/data/concordance_final_asean.csv,https://raw.githubusercontent.com/tranphu1508/XxX123/main/concordance_review_package/sources/product_codes_HS12_V202601.csv,https://raw.githubusercontent.com/tranphu1508/XxX123/main/concordance_review_package/sources/annex1_species_to_code.csv,GPT-5.5 Pro,2026-06-28
0211000,(a) potatoes,070110,SAI,070110;070190,REPLACE_OR_SPLIT_HS6,P0,Current code covers seed potatoes only. EU product is potatoes generally; HS2012 also has 070190 for fresh/chilled potatoes other than seed.,"HS2012: 070110 seed potatoes; 070190 potatoes, fresh/chilled, other than seed.",concordance_final_asean.csv,,bc546a073d8dabec38a4181bb93dcc30f4d8cdc4,https://raw.githubusercontent.com/tranphu1508/XxX123/main/concordance_review_package/data/concordance_final_asean.csv,https://raw.githubusercontent.com/tranphu1508/XxX123/main/concordance_review_package/sources/product_codes_HS12_V202601.csv,https://raw.githubusercontent.com/tranphu1508/XxX123/main/concordance_review_package/sources/annex1_species_to_code.csv,GPT-5.5 Pro,2026-06-28
0401060,Rapeseeds/canola seeds,120590,SAI,120510;120590,SPLIT_REQUIRED,P0,"Current code misses low-erucic rape/colza seed, which is the canola part of the EU product.",HS2012: 120510 low erucic acid rape/colza; 120590 other rape/colza.,concordance_final_asean.csv,,bc546a073d8dabec38a4181bb93dcc30f4d8cdc4,https://raw.githubusercontent.com/tranphu1508/XxX123/main/concordance_review_package/data/concordance_final_asean.csv,https://raw.githubusercontent.com/tranphu1508/XxX123/main/concordance_review_package/sources/product_codes_HS12_V202601.csv,https://raw.githubusercontent.com/tranphu1508/XxX123/main/concordance_review_package/sources/annex1_species_to_code.csv,GPT-5.5 Pro,2026-06-28
0401070,Soyabeans,120190,SAI,120110;120190,SPLIT_REQUIRED,P0,"Current code covers soybeans other than seed only. If the concordance is product-level rather than end-use-level, seed soybeans must also be included.",HS2012: 120110 soya beans seed; 120190 soya beans other.,concordance_final_asean.csv,,bc546a073d8dabec38a4181bb93dcc30f4d8cdc4,https://raw.githubusercontent.com/tranphu1508/XxX123/main/concordance_review_package/data/concordance_final_asean.csv,https://raw.githubusercontent.com/tranphu1508/XxX123/main/concordance_review_package/sources/product_codes_HS12_V202601.csv,https://raw.githubusercontent.com/tranphu1508/XxX123/main/concordance_review_package/sources/annex1_species_to_code.csv,GPT-5.5 Pro,2026-06-28
0401090,Cotton seeds,120721,SAI,120721;120729,SPLIT_REQUIRED,P0,Current code covers cotton seeds for sowing only; EU product is cotton seeds generally.,"HS2012: 120721 cotton seeds, seed; 120729 cotton seeds, other than seed.",concordance_final_asean.csv,,bc546a073d8dabec38a4181bb93dcc30f4d8cdc4,https://raw.githubusercontent.com/tranphu1508/XxX123/main/concordance_review_package/data/concordance_final_asean.csv,https://raw.githubusercontent.com/tranphu1508/XxX123/main/concordance_review_package/sources/product_codes_HS12_V202601.csv,https://raw.githubusercontent.com/tranphu1508/XxX123/main/concordance_review_package/sources/annex1_species_to_code.csv,GPT-5.5 Pro,2026-06-28
0500030,Maize/corn,100510,SAI,100510;100590,SPLIT_REQUIRED,P0,Current code covers maize seed only. EU product is maize/corn generally.,HS2012: 100510 maize seed; 100590 maize other.,concordance_final_asean.csv,,bc546a073d8dabec38a4181bb93dcc30f4d8cdc4,https://raw.githubusercontent.com/tranphu1508/XxX123/main/concordance_review_package/data/concordance_final_asean.csv,https://raw.githubusercontent.com/tranphu1508/XxX123/main/concordance_review_package/sources/product_codes_HS12_V202601.csv,https://raw.githubusercontent.com/tranphu1508/XxX123/main/concordance_review_package/sources/annex1_species_to_code.csv,GPT-5.5 Pro,2026-06-28
0500040,Common millet/proso millet,100821,SAI,100821;100829,SPLIT_REQUIRED,P0,Current code covers seed millet only. EU product is common/proso millet generally.,HS2012: 100821 millet seed; 100829 millet other.,concordance_final_asean.csv,,bc546a073d8dabec38a4181bb93dcc30f4d8cdc4,https://raw.githubusercontent.com/tranphu1508/XxX123/main/concordance_review_package/data/concordance_final_asean.csv,https://raw.githubusercontent.com/tranphu1508/XxX123/main/concordance_review_package/sources/product_codes_HS12_V202601.csv,https://raw.githubusercontent.com/tranphu1508/XxX123/main/concordance_review_package/sources/annex1_species_to_code.csv,GPT-5.5 Pro,2026-06-28
0500050,Oat,100410,SAI,100410;100490,SPLIT_REQUIRED,P0,Current code covers oats for sowing/seed only. EU product is oats generally.,HS2012: 100410 oats seed; 100490 oats other.,concordance_final_asean.csv,,bc546a073d8dabec38a4181bb93dcc30f4d8cdc4,https://raw.githubusercontent.com/tranphu1508/XxX123/main/concordance_review_package/data/concordance_final_asean.csv,https://raw.githubusercontent.com/tranphu1508/XxX123/main/concordance_review_package/sources/product_codes_HS12_V202601.csv,https://raw.githubusercontent.com/tranphu1508/XxX123/main/concordance_review_package/sources/annex1_species_to_code.csv,GPT-5.5 Pro,2026-06-28
0500070,Rye,100210,SAI,100210;100290,SPLIT_REQUIRED,P0,Current code covers rye seed only. EU product is rye generally.,HS2012: 100210 rye seed; 100290 rye other.,concordance_final_asean.csv,,bc546a073d8dabec38a4181bb93dcc30f4d8cdc4,https://raw.githubusercontent.com/tranphu1508/XxX123/main/concordance_review_package/data/concordance_final_asean.csv,https://raw.githubusercontent.com/tranphu1508/XxX123/main/concordance_review_package/sources/product_codes_HS12_V202601.csv,https://raw.githubusercontent.com/tranphu1508/XxX123/main/concordance_review_package/sources/annex1_species_to_code.csv,GPT-5.5 Pro,2026-06-28
0500080,Sorghum,100710,SAI,100710;100790,SPLIT_REQUIRED,P0,Current code covers grain sorghum seed only. EU product is sorghum generally.,HS2012: 100710 grain sorghum seed; 100790 grain sorghum other.,concordance_final_asean.csv,,bc546a073d8dabec38a4181bb93dcc30f4d8cdc4,https://raw.githubusercontent.com/tranphu1508/XxX123/main/concordance_review_package/data/concordance_final_asean.csv,https://raw.githubusercontent.com/tranphu1508/XxX123/main/concordance_review_package/sources/product_codes_HS12_V202601.csv,https://raw.githubusercontent.com/tranphu1508/XxX123/main/concordance_review_package/sources/annex1_species_to_code.csv,GPT-5.5 Pro,2026-06-28
0120990,Others (2) — tree nuts,080270,NGỜ,EXCLUDE_NEC OR 080270;080280;080290,CATCH_ALL_POLICY,P1,"Current code covers kola nuts only. If Others rows are excluded from the analysis, blank this mapping and filter it out; if retained, use a broader residual set.",HS2012: 080270 kola nuts; 080280 areca nuts; 080290 other edible nuts n.e.c.,concordance_final_asean.csv,,bc546a073d8dabec38a4181bb93dcc30f4d8cdc4,https://raw.githubusercontent.com/tranphu1508/XxX123/main/concordance_review_package/data/concordance_final_asean.csv,https://raw.githubusercontent.com/tranphu1508/XxX123/main/concordance_review_package/sources/product_codes_HS12_V202601.csv,https://raw.githubusercontent.com/tranphu1508/XxX123/main/concordance_review_package/sources/annex1_species_to_code.csv,GPT-5.5 Pro,2026-06-28
BULK_RULE_008,Seed/non-seed split detector,HS descriptions contain 'seed' and adjacent other code exists,PIPELINE,flag for split review,CI_WARNING,P1,This catches rye/oat/maize/sorghum/millet/soybean/cotton cases where the current code may be seed-only.,Pipeline rule proposed by GPT; implement in scripts/validate_*.py and build_release.py.,pipeline/rules/scripts,bulk_rule,bc546a073d8dabec38a4181bb93dcc30f4d8cdc4,https://raw.githubusercontent.com/tranphu1508/XxX123/main/concordance_review_package/data/concordance_final_asean.csv,https://raw.githubusercontent.com/tranphu1508/XxX123/main/concordance_review_package/sources/product_codes_HS12_V202601.csv,https://raw.githubusercontent.com/tranphu1508/XxX123/main/concordance_review_package/sources/annex1_species_to_code.csv,GPT-5.5 Pro,2026-06-28
0231020,Sweet peppers/bell peppers,070960;090421;090422,NGỜ,070960;090421;090422,EXPLODE_TO_RELEASE_LONG,P1,Current mapping includes fresh and dried/crushed Capsicum/Pimenta. Keep only 070960 for fresh vegetable scope; keep all three if RAC_dried/process scope is intentional.,Pipeline rule: release_long must have exactly one HS6 per row; never merge trade data on a semicolon-delimited field.,concordance_final_asean.csv,,bc546a073d8dabec38a4181bb93dcc30f4d8cdc4,https://raw.githubusercontent.com/tranphu1508/XxX123/main/concordance_review_package/data/concordance_final_asean.csv,https://raw.githubusercontent.com/tranphu1508/XxX123/main/concordance_review_package/sources/product_codes_HS12_V202601.csv,https://raw.githubusercontent.com/tranphu1508/XxX123/main/concordance_review_package/sources/annex1_species_to_code.csv,GPT-5.5 Pro,2026-06-28
0620000,Coffee beans,090111;090112;090121;090122,NGỜ,090111;090112;090121;090122,EXPLODE_TO_RELEASE_LONG,P1,"Current mapping includes roasted coffee. If the MRL commodity is raw coffee beans only, restrict to unroasted 090111/090112; if export panel includes roasted coffee, keep but document processed-form inclusion.",Pipeline rule: release_long must have exactly one HS6 per row; never merge trade data on a semicolon-delimited field.,concordance_final_asean.csv,,bc546a073d8dabec38a4181bb93dcc30f4d8cdc4,https://raw.githubusercontent.com/tranphu1508/XxX123/main/concordance_review_package/data/concordance_final_asean.csv,https://raw.githubusercontent.com/tranphu1508/XxX123/main/concordance_review_package/sources/product_codes_HS12_V202601.csv,https://raw.githubusercontent.com/tranphu1508/XxX123/main/concordance_review_package/sources/annex1_species_to_code.csv,GPT-5.5 Pro,2026-06-28
0110000,Citrus fruits,080590,NGỜ,NO_DIRECT_GROUP_MAP; use children 0110010-0110990,GROUP_HEADING_DO_NOT_EXPORT,P1,"Current group anchor is other citrus only and misses oranges, mandarins, grapefruit/pomelo, lemons/limes.",Rule: group headings should not be included in release_long unless explicitly expanded to their child leaf codes.,concordance_final_asean.csv,,bc546a073d8dabec38a4181bb93dcc30f4d8cdc4,https://raw.githubusercontent.com/tranphu1508/XxX123/main/concordance_review_package/data/concordance_final_asean.csv,https://raw.githubusercontent.com/tranphu1508/XxX123/main/concordance_review_package/sources/product_codes_HS12_V202601.csv,https://raw.githubusercontent.com/tranphu1508/XxX123/main/concordance_review_package/sources/annex1_species_to_code.csv,GPT-5.5 Pro,2026-06-28
0120000,Tree nuts,080280,NGỜ,NO_DIRECT_GROUP_MAP; use children 0120010-0120990,GROUP_HEADING_DO_NOT_EXPORT,P1,Current group anchor is areca nuts; it cannot represent all tree nuts.,Rule: group headings should not be included in release_long unless explicitly expanded to their child leaf codes.,concordance_final_asean.csv,,bc546a073d8dabec38a4181bb93dcc30f4d8cdc4,https://raw.githubusercontent.com/tranphu1508/XxX123/main/concordance_review_package/data/concordance_final_asean.csv,https://raw.githubusercontent.com/tranphu1508/XxX123/main/concordance_review_package/sources/product_codes_HS12_V202601.csv,https://raw.githubusercontent.com/tranphu1508/XxX123/main/concordance_review_package/sources/annex1_species_to_code.csv,GPT-5.5 Pro,2026-06-28
0130000,Pome fruits,080810,NGỜ,NO_DIRECT_GROUP_MAP; use apples/pears/quinces/medlars/loquats/others,GROUP_HEADING_DO_NOT_EXPORT,P1,Current group anchor is apples only.,Rule: group headings should not be included in release_long unless explicitly expanded to their child leaf codes.,concordance_final_asean.csv,,bc546a073d8dabec38a4181bb93dcc30f4d8cdc4,https://raw.githubusercontent.com/tranphu1508/XxX123/main/concordance_review_package/data/concordance_final_asean.csv,https://raw.githubusercontent.com/tranphu1508/XxX123/main/concordance_review_package/sources/product_codes_HS12_V202601.csv,https://raw.githubusercontent.com/tranphu1508/XxX123/main/concordance_review_package/sources/annex1_species_to_code.csv,GPT-5.5 Pro,2026-06-28
0140000,Stone fruits,080940,NGỜ,NO_DIRECT_GROUP_MAP; use apricots/cherries/peaches/plums/others,GROUP_HEADING_DO_NOT_EXPORT,P1,Current group anchor is plums/sloes only.,Rule: group headings should not be included in release_long unless explicitly expanded to their child leaf codes.,concordance_final_asean.csv,,bc546a073d8dabec38a4181bb93dcc30f4d8cdc4,https://raw.githubusercontent.com/tranphu1508/XxX123/main/concordance_review_package/data/concordance_final_asean.csv,https://raw.githubusercontent.com/tranphu1508/XxX123/main/concordance_review_package/sources/product_codes_HS12_V202601.csv,https://raw.githubusercontent.com/tranphu1508/XxX123/main/concordance_review_package/sources/annex1_species_to_code.csv,GPT-5.5 Pro,2026-06-28
0154000,(d) other small fruits and berries,081040,NGỜ,NO_DIRECT_GROUP_MAP; use children 0154010-0154990,GROUP_HEADING_DO_NOT_EXPORT,P1,Current group anchor is cranberries/bilberries/Vaccinium fruits only; group spans currants/gooseberries/rose hips/elderberries and residual 081090.,Rule: group headings should not be included in release_long unless explicitly expanded to their child leaf codes.,concordance_final_asean.csv,,bc546a073d8dabec38a4181bb93dcc30f4d8cdc4,https://raw.githubusercontent.com/tranphu1508/XxX123/main/concordance_review_package/data/concordance_final_asean.csv,https://raw.githubusercontent.com/tranphu1508/XxX123/main/concordance_review_package/sources/product_codes_HS12_V202601.csv,https://raw.githubusercontent.com/tranphu1508/XxX123/main/concordance_review_package/sources/annex1_species_to_code.csv,GPT-5.5 Pro,2026-06-28
0161000,(a) edible peel,080430,NGỜ,NO_DIRECT_GROUP_MAP; use children 0161010-0161990,GROUP_HEADING_DO_NOT_EXPORT,P1,"Current group anchor is pineapple; the group spans dates, figs, olives, kumquats, carambolas, jambuls and residuals.",Rule: group headings should not be included in release_long unless explicitly expanded to their child leaf codes.,concordance_final_asean.csv,,bc546a073d8dabec38a4181bb93dcc30f4d8cdc4,https://raw.githubusercontent.com/tranphu1508/XxX123/main/concordance_review_package/data/concordance_final_asean.csv,https://raw.githubusercontent.com/tranphu1508/XxX123/main/concordance_review_package/sources/product_codes_HS12_V202601.csv,https://raw.githubusercontent.com/tranphu1508/XxX123/main/concordance_review_package/sources/annex1_species_to_code.csv,GPT-5.5 Pro,2026-06-28
0162000,"(b) inedible peel, small",081070,NGỜ,NO_DIRECT_GROUP_MAP; use children 0162010-0162990,GROUP_HEADING_DO_NOT_EXPORT,P1,"Current group anchor is persimmons; group spans kiwi, lychees, passionfruit, cactus fruit, star apples and others.",Rule: group headings should not be included in release_long unless explicitly expanded to their child leaf codes.,concordance_final_asean.csv,,bc546a073d8dabec38a4181bb93dcc30f4d8cdc4,https://raw.githubusercontent.com/tranphu1508/XxX123/main/concordance_review_package/data/concordance_final_asean.csv,https://raw.githubusercontent.com/tranphu1508/XxX123/main/concordance_review_package/sources/product_codes_HS12_V202601.csv,https://raw.githubusercontent.com/tranphu1508/XxX123/main/concordance_review_package/sources/annex1_species_to_code.csv,GPT-5.5 Pro,2026-06-28
0163000,"(c) inedible peel, large",080310,NGỜ,NO_DIRECT_GROUP_MAP; use children 0163010-0163990,GROUP_HEADING_DO_NOT_EXPORT,P1,"Current group anchor is plantains/bananas heading, while group spans avocado, banana, mango, papaya, pomegranate, guava, pineapple, durian, breadfruit and others.",Rule: group headings should not be included in release_long unless explicitly expanded to their child leaf codes.,concordance_final_asean.csv,,bc546a073d8dabec38a4181bb93dcc30f4d8cdc4,https://raw.githubusercontent.com/tranphu1508/XxX123/main/concordance_review_package/data/concordance_final_asean.csv,https://raw.githubusercontent.com/tranphu1508/XxX123/main/concordance_review_package/sources/product_codes_HS12_V202601.csv,https://raw.githubusercontent.com/tranphu1508/XxX123/main/concordance_review_package/sources/annex1_species_to_code.csv,GPT-5.5 Pro,2026-06-28
0212000,(b) tropical root and tuber vegetables,071420,NGỜ,NO_DIRECT_GROUP_MAP; use children 0212010-0212990,GROUP_HEADING_DO_NOT_EXPORT,P1,Current group anchor is sweet potatoes only.,Rule: group headings should not be included in release_long unless explicitly expanded to their child leaf codes.,concordance_final_asean.csv,,bc546a073d8dabec38a4181bb93dcc30f4d8cdc4,https://raw.githubusercontent.com/tranphu1508/XxX123/main/concordance_review_package/data/concordance_final_asean.csv,https://raw.githubusercontent.com/tranphu1508/XxX123/main/concordance_review_package/sources/product_codes_HS12_V202601.csv,https://raw.githubusercontent.com/tranphu1508/XxX123/main/concordance_review_package/sources/annex1_species_to_code.csv,GPT-5.5 Pro,2026-06-28
0213000,(c) other root and tuber vegetables except sugar beets,070610,NGỜ,NO_DIRECT_GROUP_MAP; use children 0213010-0213990,GROUP_HEADING_DO_NOT_EXPORT,P1,Current group anchor is carrots/turnips only and misses many other edible roots.,Rule: group headings should not be included in release_long unless explicitly expanded to their child leaf codes.,concordance_final_asean.csv,,bc546a073d8dabec38a4181bb93dcc30f4d8cdc4,https://raw.githubusercontent.com/tranphu1508/XxX123/main/concordance_review_package/data/concordance_final_asean.csv,https://raw.githubusercontent.com/tranphu1508/XxX123/main/concordance_review_package/sources/product_codes_HS12_V202601.csv,https://raw.githubusercontent.com/tranphu1508/XxX123/main/concordance_review_package/sources/annex1_species_to_code.csv,GPT-5.5 Pro,2026-06-28
0220000,Bulb vegetables,070310,NGỜ,NO_DIRECT_GROUP_MAP; use children 0220010-0220990,GROUP_HEADING_DO_NOT_EXPORT,P1,Current group anchor is onions/shallots only and misses garlic/leeks/others.,Rule: group headings should not be included in release_long unless explicitly expanded to their child leaf codes.,concordance_final_asean.csv,,bc546a073d8dabec38a4181bb93dcc30f4d8cdc4,https://raw.githubusercontent.com/tranphu1508/XxX123/main/concordance_review_package/data/concordance_final_asean.csv,https://raw.githubusercontent.com/tranphu1508/XxX123/main/concordance_review_package/sources/product_codes_HS12_V202601.csv,https://raw.githubusercontent.com/tranphu1508/XxX123/main/concordance_review_package/sources/annex1_species_to_code.csv,GPT-5.5 Pro,2026-06-28
0231000,(a) Solanaceae and Malvaceae,070999,NGỜ,NO_DIRECT_GROUP_MAP; use children 0231010-0231990,GROUP_HEADING_DO_NOT_EXPORT,P1,"Current group anchor is vegetable n.e.c.; the group spans tomatoes, peppers, eggplants and okra.",Rule: group headings should not be included in release_long unless explicitly expanded to their child leaf codes.,concordance_final_asean.csv,,bc546a073d8dabec38a4181bb93dcc30f4d8cdc4,https://raw.githubusercontent.com/tranphu1508/XxX123/main/concordance_review_package/data/concordance_final_asean.csv,https://raw.githubusercontent.com/tranphu1508/XxX123/main/concordance_review_package/sources/product_codes_HS12_V202601.csv,https://raw.githubusercontent.com/tranphu1508/XxX123/main/concordance_review_package/sources/annex1_species_to_code.csv,GPT-5.5 Pro,2026-06-28
0232000,(b) cucurbits with edible peel,070993,NGỜ,NO_DIRECT_GROUP_MAP; use children 0232010-0232990,GROUP_HEADING_DO_NOT_EXPORT,P1,Current group anchor is pumpkins/squash/gourds only and misses cucumbers/gherkins.,Rule: group headings should not be included in release_long unless explicitly expanded to their child leaf codes.,concordance_final_asean.csv,,bc546a073d8dabec38a4181bb93dcc30f4d8cdc4,https://raw.githubusercontent.com/tranphu1508/XxX123/main/concordance_review_package/data/concordance_final_asean.csv,https://raw.githubusercontent.com/tranphu1508/XxX123/main/concordance_review_package/sources/product_codes_HS12_V202601.csv,https://raw.githubusercontent.com/tranphu1508/XxX123/main/concordance_review_package/sources/annex1_species_to_code.csv,GPT-5.5 Pro,2026-06-28
0233000,(c) cucurbits with inedible peel,080719,NGỜ,NO_DIRECT_GROUP_MAP; use children 0233010-0233990,GROUP_HEADING_DO_NOT_EXPORT,P1,Current group anchor is melons other than watermelon and misses watermelons and pumpkins.,Rule: group headings should not be included in release_long unless explicitly expanded to their child leaf codes.,concordance_final_asean.csv,,bc546a073d8dabec38a4181bb93dcc30f4d8cdc4,https://raw.githubusercontent.com/tranphu1508/XxX123/main/concordance_review_package/data/concordance_final_asean.csv,https://raw.githubusercontent.com/tranphu1508/XxX123/main/concordance_review_package/sources/product_codes_HS12_V202601.csv,https://raw.githubusercontent.com/tranphu1508/XxX123/main/concordance_review_package/sources/annex1_species_to_code.csv,GPT-5.5 Pro,2026-06-28
0251000,(a) lettuces and salad plants,070511,NGỜ,NO_DIRECT_GROUP_MAP; use children 0251010-0251990,GROUP_HEADING_DO_NOT_EXPORT,P1,Current group anchor is cabbage lettuce only and misses other salad plants/endives/rocket/cresses.,Rule: group headings should not be included in release_long unless explicitly expanded to their child leaf codes.,concordance_final_asean.csv,,bc546a073d8dabec38a4181bb93dcc30f4d8cdc4,https://raw.githubusercontent.com/tranphu1508/XxX123/main/concordance_review_package/data/concordance_final_asean.csv,https://raw.githubusercontent.com/tranphu1508/XxX123/main/concordance_review_package/sources/product_codes_HS12_V202601.csv,https://raw.githubusercontent.com/tranphu1508/XxX123/main/concordance_review_package/sources/annex1_species_to_code.csv,GPT-5.5 Pro,2026-06-28
0252000,(b) spinaches and similar leaves,070970,NGỜ,NO_DIRECT_GROUP_MAP; use children 0252010-0252990,GROUP_HEADING_DO_NOT_EXPORT,P1,Current group anchor is spinach only and misses chard/purslane/others.,Rule: group headings should not be included in release_long unless explicitly expanded to their child leaf codes.,concordance_final_asean.csv,,bc546a073d8dabec38a4181bb93dcc30f4d8cdc4,https://raw.githubusercontent.com/tranphu1508/XxX123/main/concordance_review_package/data/concordance_final_asean.csv,https://raw.githubusercontent.com/tranphu1508/XxX123/main/concordance_review_package/sources/product_codes_HS12_V202601.csv,https://raw.githubusercontent.com/tranphu1508/XxX123/main/concordance_review_package/sources/annex1_species_to_code.csv,GPT-5.5 Pro,2026-06-28
0260000,Legume vegetables,070810,NGỜ,NO_DIRECT_GROUP_MAP; use children 0260010-0260990,GROUP_HEADING_DO_NOT_EXPORT,P1,Current group anchor is peas only and misses beans/lentils/others.,Rule: group headings should not be included in release_long unless explicitly expanded to their child leaf codes.,concordance_final_asean.csv,,bc546a073d8dabec38a4181bb93dcc30f4d8cdc4,https://raw.githubusercontent.com/tranphu1508/XxX123/main/concordance_review_package/data/concordance_final_asean.csv,https://raw.githubusercontent.com/tranphu1508/XxX123/main/concordance_review_package/sources/product_codes_HS12_V202601.csv,https://raw.githubusercontent.com/tranphu1508/XxX123/main/concordance_review_package/sources/annex1_species_to_code.csv,GPT-5.5 Pro,2026-06-28
0270000,Stem vegetables,070920,NGỜ,NO_DIRECT_GROUP_MAP; use children 0270010-0270990,GROUP_HEADING_DO_NOT_EXPORT,P1,Current group anchor is asparagus only and misses artichokes/celery/leeks/rhubarb/palm hearts/others.,Rule: group headings should not be included in release_long unless explicitly expanded to their child leaf codes.,concordance_final_asean.csv,,bc546a073d8dabec38a4181bb93dcc30f4d8cdc4,https://raw.githubusercontent.com/tranphu1508/XxX123/main/concordance_review_package/data/concordance_final_asean.csv,https://raw.githubusercontent.com/tranphu1508/XxX123/main/concordance_review_package/sources/product_codes_HS12_V202601.csv,https://raw.githubusercontent.com/tranphu1508/XxX123/main/concordance_review_package/sources/annex1_species_to_code.csv,GPT-5.5 Pro,2026-06-28
0280000,"Fungi, mosses and lichens",070999,NGỜ,NO_DIRECT_GROUP_MAP; use children 0280010-0280990,GROUP_HEADING_DO_NOT_EXPORT,P1,Current group anchor is vegetables n.e.c. and misses mushroom-specific HS codes.,Rule: group headings should not be included in release_long unless explicitly expanded to their child leaf codes.,concordance_final_asean.csv,,bc546a073d8dabec38a4181bb93dcc30f4d8cdc4,https://raw.githubusercontent.com/tranphu1508/XxX123/main/concordance_review_package/data/concordance_final_asean.csv,https://raw.githubusercontent.com/tranphu1508/XxX123/main/concordance_review_package/sources/product_codes_HS12_V202601.csv,https://raw.githubusercontent.com/tranphu1508/XxX123/main/concordance_review_package/sources/annex1_species_to_code.csv,GPT-5.5 Pro,2026-06-28
0300000,PULSES,071310,NGỜ,NO_DIRECT_GROUP_MAP; use children 0300010-0300990,GROUP_HEADING_DO_NOT_EXPORT,P1,Current group anchor is peas only and misses beans/lentils/lupins/others.,Rule: group headings should not be included in release_long unless explicitly expanded to their child leaf codes.,concordance_final_asean.csv,,bc546a073d8dabec38a4181bb93dcc30f4d8cdc4,https://raw.githubusercontent.com/tranphu1508/XxX123/main/concordance_review_package/data/concordance_final_asean.csv,https://raw.githubusercontent.com/tranphu1508/XxX123/main/concordance_review_package/sources/product_codes_HS12_V202601.csv,https://raw.githubusercontent.com/tranphu1508/XxX123/main/concordance_review_package/sources/annex1_species_to_code.csv,GPT-5.5 Pro,2026-06-28
0633000,(c) roots,121190,NGỜ,NO_DIRECT_GROUP_MAP; use children 0633010-0633990,GROUP_HEADING_DO_NOT_EXPORT,P1,Current group anchor misses ginseng's specific 121120 code.,Rule: group headings should not be included in release_long unless explicitly expanded to their child leaf codes.,concordance_final_asean.csv,,bc546a073d8dabec38a4181bb93dcc30f4d8cdc4,https://raw.githubusercontent.com/tranphu1508/XxX123/main/concordance_review_package/data/concordance_final_asean.csv,https://raw.githubusercontent.com/tranphu1508/XxX123/main/concordance_review_package/sources/product_codes_HS12_V202601.csv,https://raw.githubusercontent.com/tranphu1508/XxX123/main/concordance_review_package/sources/annex1_species_to_code.csv,GPT-5.5 Pro,2026-06-28
0850000,Bud spices,090710,NGỜ,"NO_DIRECT_GROUP_MAP; use children 0850010,0850020,0850990",GROUP_HEADING_DO_NOT_EXPORT,P1,"Current group anchor 090710 is cloves only. The group also contains capers and others, which do not share that HS6.","Current child mappings include cloves 090710, capers 070999 and others 091099.",concordance_final_asean.csv,,bc546a073d8dabec38a4181bb93dcc30f4d8cdc4,https://raw.githubusercontent.com/tranphu1508/XxX123/main/concordance_review_package/data/concordance_final_asean.csv,https://raw.githubusercontent.com/tranphu1508/XxX123/main/concordance_review_package/sources/product_codes_HS12_V202601.csv,https://raw.githubusercontent.com/tranphu1508/XxX123/main/concordance_review_package/sources/annex1_species_to_code.csv,GPT-5.5 Pro,2026-06-28
0860000,Flower pistil spices,091020,NGỜ,NO_DIRECT_GROUP_MAP; use 0860010 and 0860990 children,GROUP_HEADING_DO_NOT_EXPORT,P1,Current group anchor is saffron only. The group has a residual Others row that is mapped to 091099.,Children: saffron 091020; others 091099.,concordance_final_asean.csv,,bc546a073d8dabec38a4181bb93dcc30f4d8cdc4,https://raw.githubusercontent.com/tranphu1508/XxX123/main/concordance_review_package/data/concordance_final_asean.csv,https://raw.githubusercontent.com/tranphu1508/XxX123/main/concordance_review_package/sources/product_codes_HS12_V202601.csv,https://raw.githubusercontent.com/tranphu1508/XxX123/main/concordance_review_package/sources/annex1_species_to_code.csv,GPT-5.5 Pro,2026-06-28
0830000,Bark spices,090611,NGỜ,NO_DIRECT_GROUP_MAP; if retained use 090611;090619;090620,GROUP_HEADING_OR_SPLIT,P1,Current group anchor covers one cinnamon form/species only. Bark spices should not be exported as a single HS6 code unless intentionally narrowed.,"HS2012 cinnamon/cinnamon-tree flowers include 090611, 090619 and crushed/ground 090620.",concordance_final_asean.csv,,bc546a073d8dabec38a4181bb93dcc30f4d8cdc4,https://raw.githubusercontent.com/tranphu1508/XxX123/main/concordance_review_package/data/concordance_final_asean.csv,https://raw.githubusercontent.com/tranphu1508/XxX123/main/concordance_review_package/sources/product_codes_HS12_V202601.csv,https://raw.githubusercontent.com/tranphu1508/XxX123/main/concordance_review_package/sources/annex1_species_to_code.csv,GPT-5.5 Pro,2026-06-28
0870000,Aril spices,090821,NGỜ,090821;090822;091099 OR children only,GROUP_HEADING_OR_SPLIT,P1,Current group anchor covers mace neither crushed nor ground. It misses crushed/ground mace and the Others row.,HS2012: mace 090821/090822; residual spice 091099.,concordance_final_asean.csv,,bc546a073d8dabec38a4181bb93dcc30f4d8cdc4,https://raw.githubusercontent.com/tranphu1508/XxX123/main/concordance_review_package/data/concordance_final_asean.csv,https://raw.githubusercontent.com/tranphu1508/XxX123/main/concordance_review_package/sources/product_codes_HS12_V202601.csv,https://raw.githubusercontent.com/tranphu1508/XxX123/main/concordance_review_package/sources/annex1_species_to_code.csv,GPT-5.5 Pro,2026-06-28
0280010,Cultivated fungi,070951,NGỜ,070951;070959,SPLIT_REQUIRED_IF_NOT_LIMITED_TO_AGARICUS,P1,Current code covers Agaricus mushrooms only. The EU row says cultivated fungi without species restriction; include other cultivated mushrooms unless evidence limits the row to Agaricus.,HS2012: 070951 mushrooms of genus Agaricus; 070959 mushrooms/truffles other than Agaricus.,concordance_final_asean.csv,,bc546a073d8dabec38a4181bb93dcc30f4d8cdc4,https://raw.githubusercontent.com/tranphu1508/XxX123/main/concordance_review_package/data/concordance_final_asean.csv,https://raw.githubusercontent.com/tranphu1508/XxX123/main/concordance_review_package/sources/product_codes_HS12_V202601.csv,https://raw.githubusercontent.com/tranphu1508/XxX123/main/concordance_review_package/sources/annex1_species_to_code.csv,GPT-5.5 Pro,2026-06-28
0120050,Coconuts,080111,NGỜ,080111;080112;080119,SPLIT_REQUIRED_IF_TRADE_SCOPE_INCLUDES_ALL_COCONUT_FORMS,P1,"Current code covers desiccated coconuts only. If the study maps the whole coconut commodity, HS2012 also splits in-shell/endocarp and other coconuts.",HS2012: 080111 desiccated coconuts; 080112 coconuts in inner shell/endocarp; 080119 other coconuts.,concordance_final_asean.csv,,bc546a073d8dabec38a4181bb93dcc30f4d8cdc4,https://raw.githubusercontent.com/tranphu1508/XxX123/main/concordance_review_package/data/concordance_final_asean.csv,https://raw.githubusercontent.com/tranphu1508/XxX123/main/concordance_review_package/sources/product_codes_HS12_V202601.csv,https://raw.githubusercontent.com/tranphu1508/XxX123/main/concordance_review_package/sources/annex1_species_to_code.csv,GPT-5.5 Pro,2026-06-28
0120010,Almonds,080211,NGỜ,080211;080212,SPLIT_REQUIRED_IF_TRADE_SCOPE_INCLUDES_BOTH_FORMS,P1,"Almond trade is split in-shell/shelled; current code is in-shell only. If the team intentionally maps only the MRL edible portion, document that and adjust all nuts consistently.",HS2012 tree nut codes in chapter 08 split many commodities by in-shell/shelled form.,concordance_final_asean.csv,Adjudicate once globally for all tree nuts; do not make row-by-row inconsistent decisions.,bc546a073d8dabec38a4181bb93dcc30f4d8cdc4,https://raw.githubusercontent.com/tranphu1508/XxX123/main/concordance_review_package/data/concordance_final_asean.csv,https://raw.githubusercontent.com/tranphu1508/XxX123/main/concordance_review_package/sources/product_codes_HS12_V202601.csv,https://raw.githubusercontent.com/tranphu1508/XxX123/main/concordance_review_package/sources/annex1_species_to_code.csv,GPT-5.5 Pro,2026-06-28
0120020,Brazil nuts,080121,NGỜ,080121;080122,SPLIT_REQUIRED_IF_TRADE_SCOPE_INCLUDES_BOTH_FORMS,P1,"Brazil nuts are split in-shell/shelled; current code is in-shell only. If the team intentionally maps only the MRL edible portion, document that and adjust all nuts consistently.",HS2012 tree nut codes in chapter 08 split many commodities by in-shell/shelled form.,concordance_final_asean.csv,Adjudicate once globally for all tree nuts; do not make row-by-row inconsistent decisions.,bc546a073d8dabec38a4181bb93dcc30f4d8cdc4,https://raw.githubusercontent.com/tranphu1508/XxX123/main/concordance_review_package/data/concordance_final_asean.csv,https://raw.githubusercontent.com/tranphu1508/XxX123/main/concordance_review_package/sources/product_codes_HS12_V202601.csv,https://raw.githubusercontent.com/tranphu1508/XxX123/main/concordance_review_package/sources/annex1_species_to_code.csv,GPT-5.5 Pro,2026-06-28
0120030,Cashew nuts,080131,NGỜ,080131;080132,SPLIT_REQUIRED_IF_TRADE_SCOPE_INCLUDES_BOTH_FORMS,P1,"Cashews are split in-shell/shelled; current code is in-shell only. If the team intentionally maps only the MRL edible portion, document that and adjust all nuts consistently.",HS2012 tree nut codes in chapter 08 split many commodities by in-shell/shelled form.,concordance_final_asean.csv,Adjudicate once globally for all tree nuts; do not make row-by-row inconsistent decisions.,bc546a073d8dabec38a4181bb93dcc30f4d8cdc4,https://raw.githubusercontent.com/tranphu1508/XxX123/main/concordance_review_package/data/concordance_final_asean.csv,https://raw.githubusercontent.com/tranphu1508/XxX123/main/concordance_review_package/sources/product_codes_HS12_V202601.csv,https://raw.githubusercontent.com/tranphu1508/XxX123/main/concordance_review_package/sources/annex1_species_to_code.csv,GPT-5.5 Pro,2026-06-28
0120040,Chestnuts,080241,NGỜ,080241;080242,SPLIT_REQUIRED_IF_TRADE_SCOPE_INCLUDES_BOTH_FORMS,P1,"Chestnuts are split in-shell/shelled; current code is in-shell only. If the team intentionally maps only the MRL edible portion, document that and adjust all nuts consistently.",HS2012 tree nut codes in chapter 08 split many commodities by in-shell/shelled form.,concordance_final_asean.csv,Adjudicate once globally for all tree nuts; do not make row-by-row inconsistent decisions.,bc546a073d8dabec38a4181bb93dcc30f4d8cdc4,https://raw.githubusercontent.com/tranphu1508/XxX123/main/concordance_review_package/data/concordance_final_asean.csv,https://raw.githubusercontent.com/tranphu1508/XxX123/main/concordance_review_package/sources/product_codes_HS12_V202601.csv,https://raw.githubusercontent.com/tranphu1508/XxX123/main/concordance_review_package/sources/annex1_species_to_code.csv,GPT-5.5 Pro,2026-06-28
0120060,Hazelnuts/cobnuts,080221,NGỜ,080221;080222,SPLIT_REQUIRED_IF_TRADE_SCOPE_INCLUDES_BOTH_FORMS,P1,"Hazelnuts/filberts are split in-shell/shelled; current code is in-shell only. If the team intentionally maps only the MRL edible portion, document that and adjust all nuts consistently.",HS2012 tree nut codes in chapter 08 split many commodities by in-shell/shelled form.,concordance_final_asean.csv,Adjudicate once globally for all tree nuts; do not make row-by-row inconsistent decisions.,bc546a073d8dabec38a4181bb93dcc30f4d8cdc4,https://raw.githubusercontent.com/tranphu1508/XxX123/main/concordance_review_package/data/concordance_final_asean.csv,https://raw.githubusercontent.com/tranphu1508/XxX123/main/concordance_review_package/sources/product_codes_HS12_V202601.csv,https://raw.githubusercontent.com/tranphu1508/XxX123/main/concordance_review_package/sources/annex1_species_to_code.csv,GPT-5.5 Pro,2026-06-28
0120070,Macadamias,080261,NGỜ,080261;080262,SPLIT_REQUIRED_IF_TRADE_SCOPE_INCLUDES_BOTH_FORMS,P1,"Macadamias are split in-shell/shelled; current code is in-shell only. If the team intentionally maps only the MRL edible portion, document that and adjust all nuts consistently.",HS2012 tree nut codes in chapter 08 split many commodities by in-shell/shelled form.,concordance_final_asean.csv,Adjudicate once globally for all tree nuts; do not make row-by-row inconsistent decisions.,bc546a073d8dabec38a4181bb93dcc30f4d8cdc4,https://raw.githubusercontent.com/tranphu1508/XxX123/main/concordance_review_package/data/concordance_final_asean.csv,https://raw.githubusercontent.com/tranphu1508/XxX123/main/concordance_review_package/sources/product_codes_HS12_V202601.csv,https://raw.githubusercontent.com/tranphu1508/XxX123/main/concordance_review_package/sources/annex1_species_to_code.csv,GPT-5.5 Pro,2026-06-28
0120100,Pistachios,080251,NGỜ,080251;080252,SPLIT_REQUIRED_IF_TRADE_SCOPE_INCLUDES_BOTH_FORMS,P1,"Pistachios are split in-shell/shelled; current code is in-shell only. If the team intentionally maps only the MRL edible portion, document that and adjust all nuts consistently.",HS2012 tree nut codes in chapter 08 split many commodities by in-shell/shelled form.,concordance_final_asean.csv,Adjudicate once globally for all tree nuts; do not make row-by-row inconsistent decisions.,bc546a073d8dabec38a4181bb93dcc30f4d8cdc4,https://raw.githubusercontent.com/tranphu1508/XxX123/main/concordance_review_package/data/concordance_final_asean.csv,https://raw.githubusercontent.com/tranphu1508/XxX123/main/concordance_review_package/sources/product_codes_HS12_V202601.csv,https://raw.githubusercontent.com/tranphu1508/XxX123/main/concordance_review_package/sources/annex1_species_to_code.csv,GPT-5.5 Pro,2026-06-28
0120110,Walnuts,080231,NGỜ,080231;080232,SPLIT_REQUIRED_IF_TRADE_SCOPE_INCLUDES_BOTH_FORMS,P1,"Walnuts are split in-shell/shelled; current code is in-shell only. If the team intentionally maps only the MRL edible portion, document that and adjust all nuts consistently.",HS2012 tree nut codes in chapter 08 split many commodities by in-shell/shelled form.,concordance_final_asean.csv,Adjudicate once globally for all tree nuts; do not make row-by-row inconsistent decisions.,bc546a073d8dabec38a4181bb93dcc30f4d8cdc4,https://raw.githubusercontent.com/tranphu1508/XxX123/main/concordance_review_package/data/concordance_final_asean.csv,https://raw.githubusercontent.com/tranphu1508/XxX123/main/concordance_review_package/sources/product_codes_HS12_V202601.csv,https://raw.githubusercontent.com/tranphu1508/XxX123/main/concordance_review_package/sources/annex1_species_to_code.csv,GPT-5.5 Pro,2026-06-28
0401020,Peanuts/groundnuts,120242,NGỜ,120241;120242,SPLIT_REQUIRED_IF_TRADE_SCOPE_INCLUDES_IN_SHELL,P1,Current code covers shelled peanuts only. Trade data also splits in-shell peanuts; include both unless the study explicitly uses shelled RAC only.,HS2012: 120241 groundnuts in shell; 120242 groundnuts shelled.,concordance_final_asean.csv,,bc546a073d8dabec38a4181bb93dcc30f4d8cdc4,https://raw.githubusercontent.com/tranphu1508/XxX123/main/concordance_review_package/data/concordance_final_asean.csv,https://raw.githubusercontent.com/tranphu1508/XxX123/main/concordance_review_package/sources/product_codes_HS12_V202601.csv,https://raw.githubusercontent.com/tranphu1508/XxX123/main/concordance_review_package/sources/annex1_species_to_code.csv,GPT-5.5 Pro,2026-06-28
0700000,HOPS,121010,NGỜ,121010;121020,SPLIT_REQUIRED_OR_GROUP_POLICY,P1,"Current code covers hop cones not ground/powdered/pelleted. If this group is retained, include 121020 as well; otherwise keep group headings out of release and use leaf nodes.",HS2012: 121010 hop cones neither ground nor powdered nor pellets; 121020 hop cones ground/powdered/pellets and lupulin.,concordance_final_asean.csv,,bc546a073d8dabec38a4181bb93dcc30f4d8cdc4,https://raw.githubusercontent.com/tranphu1508/XxX123/main/concordance_review_package/data/concordance_final_asean.csv,https://raw.githubusercontent.com/tranphu1508/XxX123/main/concordance_review_package/sources/product_codes_HS12_V202601.csv,https://raw.githubusercontent.com/tranphu1508/XxX123/main/concordance_review_package/sources/annex1_species_to_code.csv,GPT-5.5 Pro,2026-06-28
BULK_RULE_009,Whole/crushed spice split detector,chapter 09 codes with paired split,PIPELINE,flag for policy review,CI_WARNING,P2,This enforces a single team-wide policy for spice forms rather than inconsistent row-by-row choices.,Pipeline rule proposed by GPT; implement in scripts/validate_*.py and build_release.py.,pipeline/rules/scripts,bulk_rule,bc546a073d8dabec38a4181bb93dcc30f4d8cdc4,https://raw.githubusercontent.com/tranphu1508/XxX123/main/concordance_review_package/data/concordance_final_asean.csv,https://raw.githubusercontent.com/tranphu1508/XxX123/main/concordance_review_package/sources/product_codes_HS12_V202601.csv,https://raw.githubusercontent.com/tranphu1508/XxX123/main/concordance_review_package/sources/annex1_species_to_code.csv,GPT-5.5 Pro,2026-06-28
BULK_RULE_010,Tree nut shell split detector,chapter 08 nut codes ending in in-shell/shelled pair,PIPELINE,flag for policy review,CI_WARNING,P2,This enforces a single team-wide policy for in-shell/shelled trade rows.,Pipeline rule proposed by GPT; implement in scripts/validate_*.py and build_release.py.,pipeline/rules/scripts,bulk_rule,bc546a073d8dabec38a4181bb93dcc30f4d8cdc4,https://raw.githubusercontent.com/tranphu1508/XxX123/main/concordance_review_package/data/concordance_final_asean.csv,https://raw.githubusercontent.com/tranphu1508/XxX123/main/concordance_review_package/sources/product_codes_HS12_V202601.csv,https://raw.githubusercontent.com/tranphu1508/XxX123/main/concordance_review_package/sources/annex1_species_to_code.csv,GPT-5.5 Pro,2026-06-28
0630000,Herbal infusions from,121190,NGỜ,"121190, with special child exceptions such as 121120 ginseng and 090300 mate",GROUP_HEADING_OR_CHILD_POLICY,P2,"The broad herbal-infusion heading maps mostly to 121190, but some children now have specific HS6. Ensure release builder uses children rather than the group row.",Examples in current file: ginseng 121120; mate 090300; most flowers/leaves 121190.,concordance_final_asean.csv,,bc546a073d8dabec38a4181bb93dcc30f4d8cdc4,https://raw.githubusercontent.com/tranphu1508/XxX123/main/concordance_review_package/data/concordance_final_asean.csv,https://raw.githubusercontent.com/tranphu1508/XxX123/main/concordance_review_package/sources/product_codes_HS12_V202601.csv,https://raw.githubusercontent.com/tranphu1508/XxX123/main/concordance_review_package/sources/annex1_species_to_code.csv,GPT-5.5 Pro,2026-06-28
0234000,(d) sweet corn,070999,NGỜ,070999 OR 071040 depending on fresh vs frozen scope,SCOPE_ADJUDICATION,P2,"Annex group is vegetables fresh or frozen, while current code 070999 is fresh/chilled vegetables n.e.c. Frozen sweet corn has HS2012 071040. Keep 070999 only if the ASEAN panel deliberately excludes frozen vegetables.","HS2012: 071040 sweet corn, uncooked or cooked by steaming/boiling in water, frozen.",concordance_final_asean.csv,,bc546a073d8dabec38a4181bb93dcc30f4d8cdc4,https://raw.githubusercontent.com/tranphu1508/XxX123/main/concordance_review_package/data/concordance_final_asean.csv,https://raw.githubusercontent.com/tranphu1508/XxX123/main/concordance_review_package/sources/product_codes_HS12_V202601.csv,https://raw.githubusercontent.com/tranphu1508/XxX123/main/concordance_review_package/sources/annex1_species_to_code.csv,GPT-5.5 Pro,2026-06-28
0290000,Algae and prokaryotes organisms,121221,NGỜ,121221;121229 if edible/non-edible seaweed scope is not clean,SCOPE_ADJUDICATION,P2,"Current code is edible seaweeds/algae. If the EU product scope includes algae not clearly 'fit for human consumption', check 121229 as well; if study is food-only, current 121221 is defensible.",HS2012 chapter 1212 splits seaweeds/algae fit for human consumption vs other.,concordance_final_asean.csv,,bc546a073d8dabec38a4181bb93dcc30f4d8cdc4,https://raw.githubusercontent.com/tranphu1508/XxX123/main/concordance_review_package/data/concordance_final_asean.csv,https://raw.githubusercontent.com/tranphu1508/XxX123/main/concordance_review_package/sources/product_codes_HS12_V202601.csv,https://raw.githubusercontent.com/tranphu1508/XxX123/main/concordance_review_package/sources/annex1_species_to_code.csv,GPT-5.5 Pro,2026-06-28
0810010,Anise/aniseed,090961,NGỜ,090961;090962,SPLIT_REQUIRED_IF_PROCESSED_FORMS_INCLUDED,P2,"Spice seeds split by neither crushed/ground vs crushed/ground. If the econometric panel is RAC-only, keep the whole-form code but explicitly exclude crushed/ground codes in policy.",HS2012 spice headings frequently split whole vs crushed/ground.,concordance_final_asean.csv,,bc546a073d8dabec38a4181bb93dcc30f4d8cdc4,https://raw.githubusercontent.com/tranphu1508/XxX123/main/concordance_review_package/data/concordance_final_asean.csv,https://raw.githubusercontent.com/tranphu1508/XxX123/main/concordance_review_package/sources/product_codes_HS12_V202601.csv,https://raw.githubusercontent.com/tranphu1508/XxX123/main/concordance_review_package/sources/annex1_species_to_code.csv,GPT-5.5 Pro,2026-06-28
0810040,Coriander,090921,NGỜ,090921;090922,SPLIT_REQUIRED_IF_PROCESSED_FORMS_INCLUDED,P2,"Coriander seeds split by neither crushed/ground vs crushed/ground. If the econometric panel is RAC-only, keep the whole-form code but explicitly exclude crushed/ground codes in policy.",HS2012 spice headings frequently split whole vs crushed/ground.,concordance_final_asean.csv,,bc546a073d8dabec38a4181bb93dcc30f4d8cdc4,https://raw.githubusercontent.com/tranphu1508/XxX123/main/concordance_review_package/data/concordance_final_asean.csv,https://raw.githubusercontent.com/tranphu1508/XxX123/main/concordance_review_package/sources/product_codes_HS12_V202601.csv,https://raw.githubusercontent.com/tranphu1508/XxX123/main/concordance_review_package/sources/annex1_species_to_code.csv,GPT-5.5 Pro,2026-06-28
0810050,Cumin,090931,NGỜ,090931;090932,SPLIT_REQUIRED_IF_PROCESSED_FORMS_INCLUDED,P2,"Cumin seeds split by neither crushed/ground vs crushed/ground. If the econometric panel is RAC-only, keep the whole-form code but explicitly exclude crushed/ground codes in policy.",HS2012 spice headings frequently split whole vs crushed/ground.,concordance_final_asean.csv,,bc546a073d8dabec38a4181bb93dcc30f4d8cdc4,https://raw.githubusercontent.com/tranphu1508/XxX123/main/concordance_review_package/data/concordance_final_asean.csv,https://raw.githubusercontent.com/tranphu1508/XxX123/main/concordance_review_package/sources/product_codes_HS12_V202601.csv,https://raw.githubusercontent.com/tranphu1508/XxX123/main/concordance_review_package/sources/annex1_species_to_code.csv,GPT-5.5 Pro,2026-06-28
0810070,Fennel,090961,NGỜ,090961;090962,SPLIT_REQUIRED_IF_PROCESSED_FORMS_INCLUDED,P2,"Fennel seeds split by neither crushed/ground vs crushed/ground. If the econometric panel is RAC-only, keep the whole-form code but explicitly exclude crushed/ground codes in policy.",HS2012 spice headings frequently split whole vs crushed/ground.,concordance_final_asean.csv,,bc546a073d8dabec38a4181bb93dcc30f4d8cdc4,https://raw.githubusercontent.com/tranphu1508/XxX123/main/concordance_review_package/data/concordance_final_asean.csv,https://raw.githubusercontent.com/tranphu1508/XxX123/main/concordance_review_package/sources/product_codes_HS12_V202601.csv,https://raw.githubusercontent.com/tranphu1508/XxX123/main/concordance_review_package/sources/annex1_species_to_code.csv,GPT-5.5 Pro,2026-06-28
0810090,Nutmeg,090811,NGỜ,090811;090812,SPLIT_REQUIRED_IF_PROCESSED_FORMS_INCLUDED,P2,"Nutmeg is split by neither crushed/ground vs crushed/ground. If the econometric panel is RAC-only, keep the whole-form code but explicitly exclude crushed/ground codes in policy.",HS2012 spice headings frequently split whole vs crushed/ground.,concordance_final_asean.csv,,bc546a073d8dabec38a4181bb93dcc30f4d8cdc4,https://raw.githubusercontent.com/tranphu1508/XxX123/main/concordance_review_package/data/concordance_final_asean.csv,https://raw.githubusercontent.com/tranphu1508/XxX123/main/concordance_review_package/sources/product_codes_HS12_V202601.csv,https://raw.githubusercontent.com/tranphu1508/XxX123/main/concordance_review_package/sources/annex1_species_to_code.csv,GPT-5.5 Pro,2026-06-28
0820010,Allspice/pimento,090421,NGỜ,090421;090422,SPLIT_REQUIRED_IF_PROCESSED_FORMS_INCLUDED,P2,"Capsicum/Pimenta dried fruits split by neither crushed/ground vs crushed/ground. If the econometric panel is RAC-only, keep the whole-form code but explicitly exclude crushed/ground codes in policy.",HS2012 spice headings frequently split whole vs crushed/ground.,concordance_final_asean.csv,,bc546a073d8dabec38a4181bb93dcc30f4d8cdc4,https://raw.githubusercontent.com/tranphu1508/XxX123/main/concordance_review_package/data/concordance_final_asean.csv,https://raw.githubusercontent.com/tranphu1508/XxX123/main/concordance_review_package/sources/product_codes_HS12_V202601.csv,https://raw.githubusercontent.com/tranphu1508/XxX123/main/concordance_review_package/sources/annex1_species_to_code.csv,GPT-5.5 Pro,2026-06-28
0820030,Caraway,090961,NGỜ,090961;090962,SPLIT_REQUIRED_IF_PROCESSED_FORMS_INCLUDED,P2,"Caraway seeds split by neither crushed/ground vs crushed/ground. If the econometric panel is RAC-only, keep the whole-form code but explicitly exclude crushed/ground codes in policy.",HS2012 spice headings frequently split whole vs crushed/ground.,concordance_final_asean.csv,,bc546a073d8dabec38a4181bb93dcc30f4d8cdc4,https://raw.githubusercontent.com/tranphu1508/XxX123/main/concordance_review_package/data/concordance_final_asean.csv,https://raw.githubusercontent.com/tranphu1508/XxX123/main/concordance_review_package/sources/product_codes_HS12_V202601.csv,https://raw.githubusercontent.com/tranphu1508/XxX123/main/concordance_review_package/sources/annex1_species_to_code.csv,GPT-5.5 Pro,2026-06-28
0820040,Cardamom,090831,NGỜ,090831;090832,SPLIT_REQUIRED_IF_PROCESSED_FORMS_INCLUDED,P2,"Cardamom is split by neither crushed/ground vs crushed/ground. If the econometric panel is RAC-only, keep the whole-form code but explicitly exclude crushed/ground codes in policy.",HS2012 spice headings frequently split whole vs crushed/ground.,concordance_final_asean.csv,,bc546a073d8dabec38a4181bb93dcc30f4d8cdc4,https://raw.githubusercontent.com/tranphu1508/XxX123/main/concordance_review_package/data/concordance_final_asean.csv,https://raw.githubusercontent.com/tranphu1508/XxX123/main/concordance_review_package/sources/product_codes_HS12_V202601.csv,https://raw.githubusercontent.com/tranphu1508/XxX123/main/concordance_review_package/sources/annex1_species_to_code.csv,GPT-5.5 Pro,2026-06-28
0820050,Juniper berry,090961,NGỜ,090961;090962,SPLIT_REQUIRED_IF_PROCESSED_FORMS_INCLUDED,P2,"Juniper berries are in the same 090961/090962 split family. If the econometric panel is RAC-only, keep the whole-form code but explicitly exclude crushed/ground codes in policy.",HS2012 spice headings frequently split whole vs crushed/ground.,concordance_final_asean.csv,,bc546a073d8dabec38a4181bb93dcc30f4d8cdc4,https://raw.githubusercontent.com/tranphu1508/XxX123/main/concordance_review_package/data/concordance_final_asean.csv,https://raw.githubusercontent.com/tranphu1508/XxX123/main/concordance_review_package/sources/product_codes_HS12_V202601.csv,https://raw.githubusercontent.com/tranphu1508/XxX123/main/concordance_review_package/sources/annex1_species_to_code.csv,GPT-5.5 Pro,2026-06-28
0820060,"Peppercorn (black, green and white)",090411,NGỜ,090411;090412,SPLIT_REQUIRED_IF_PROCESSED_FORMS_INCLUDED,P2,"Pepper is split by neither crushed/ground vs crushed/ground. If the econometric panel is RAC-only, keep the whole-form code but explicitly exclude crushed/ground codes in policy.",HS2012 spice headings frequently split whole vs crushed/ground.,concordance_final_asean.csv,,bc546a073d8dabec38a4181bb93dcc30f4d8cdc4,https://raw.githubusercontent.com/tranphu1508/XxX123/main/concordance_review_package/data/concordance_final_asean.csv,https://raw.githubusercontent.com/tranphu1508/XxX123/main/concordance_review_package/sources/product_codes_HS12_V202601.csv,https://raw.githubusercontent.com/tranphu1508/XxX123/main/concordance_review_package/sources/annex1_species_to_code.csv,GPT-5.5 Pro,2026-06-28
0820070,Vanilla,090510,NGỜ,090510;090520,SPLIT_REQUIRED_IF_PROCESSED_FORMS_INCLUDED,P2,"Vanilla is split by neither crushed/ground vs crushed/ground. If the econometric panel is RAC-only, keep the whole-form code but explicitly exclude crushed/ground codes in policy.",HS2012 spice headings frequently split whole vs crushed/ground.,concordance_final_asean.csv,,bc546a073d8dabec38a4181bb93dcc30f4d8cdc4,https://raw.githubusercontent.com/tranphu1508/XxX123/main/concordance_review_package/data/concordance_final_asean.csv,https://raw.githubusercontent.com/tranphu1508/XxX123/main/concordance_review_package/sources/product_codes_HS12_V202601.csv,https://raw.githubusercontent.com/tranphu1508/XxX123/main/concordance_review_package/sources/annex1_species_to_code.csv,GPT-5.5 Pro,2026-06-28
0830010,Cinnamon,090611,NGỜ,090611;090620,SPLIT_REQUIRED_IF_PROCESSED_FORMS_INCLUDED,P2,"Cinnamon C. verum has a whole-form code and a crushed/ground code; current code is whole only. If the econometric panel is RAC-only, keep the whole-form code but explicitly exclude crushed/ground codes in policy.",HS2012 spice headings frequently split whole vs crushed/ground.,concordance_final_asean.csv,,bc546a073d8dabec38a4181bb93dcc30f4d8cdc4,https://raw.githubusercontent.com/tranphu1508/XxX123/main/concordance_review_package/data/concordance_final_asean.csv,https://raw.githubusercontent.com/tranphu1508/XxX123/main/concordance_review_package/sources/product_codes_HS12_V202601.csv,https://raw.githubusercontent.com/tranphu1508/XxX123/main/concordance_review_package/sources/annex1_species_to_code.csv,GPT-5.5 Pro,2026-06-28
0840020,Ginger,091011,NGỜ,091011;091012,SPLIT_REQUIRED_IF_PROCESSED_FORMS_INCLUDED,P2,"Ginger is split by neither crushed/ground vs crushed/ground. If the econometric panel is RAC-only, keep the whole-form code but explicitly exclude crushed/ground codes in policy.",HS2012 spice headings frequently split whole vs crushed/ground.,concordance_final_asean.csv,,bc546a073d8dabec38a4181bb93dcc30f4d8cdc4,https://raw.githubusercontent.com/tranphu1508/XxX123/main/concordance_review_package/data/concordance_final_asean.csv,https://raw.githubusercontent.com/tranphu1508/XxX123/main/concordance_review_package/sources/product_codes_HS12_V202601.csv,https://raw.githubusercontent.com/tranphu1508/XxX123/main/concordance_review_package/sources/annex1_species_to_code.csv,GPT-5.5 Pro,2026-06-28
0850010,Cloves,090710,NGỜ,090710;090720,SPLIT_REQUIRED_IF_PROCESSED_FORMS_INCLUDED,P2,"Cloves are split by neither crushed/ground vs crushed/ground. If the econometric panel is RAC-only, keep the whole-form code but explicitly exclude crushed/ground codes in policy.",HS2012 spice headings frequently split whole vs crushed/ground.,concordance_final_asean.csv,,bc546a073d8dabec38a4181bb93dcc30f4d8cdc4,https://raw.githubusercontent.com/tranphu1508/XxX123/main/concordance_review_package/data/concordance_final_asean.csv,https://raw.githubusercontent.com/tranphu1508/XxX123/main/concordance_review_package/sources/product_codes_HS12_V202601.csv,https://raw.githubusercontent.com/tranphu1508/XxX123/main/concordance_review_package/sources/annex1_species_to_code.csv,GPT-5.5 Pro,2026-06-28
0870010,Mace,090821,NGỜ,090821;090822,SPLIT_REQUIRED_IF_PROCESSED_FORMS_INCLUDED,P2,"Mace is split by neither crushed/ground vs crushed/ground. If the econometric panel is RAC-only, keep the whole-form code but explicitly exclude crushed/ground codes in policy.",HS2012 spice headings frequently split whole vs crushed/ground.,concordance_final_asean.csv,,bc546a073d8dabec38a4181bb93dcc30f4d8cdc4,https://raw.githubusercontent.com/tranphu1508/XxX123/main/concordance_review_package/data/concordance_final_asean.csv,https://raw.githubusercontent.com/tranphu1508/XxX123/main/concordance_review_package/sources/product_codes_HS12_V202601.csv,https://raw.githubusercontent.com/tranphu1508/XxX123/main/concordance_review_package/sources/annex1_species_to_code.csv,GPT-5.5 Pro,2026-06-28
