eu_code,eu_desc,annex1_group,hs6,annex1_legal_ref,form,phase2_status,resolve,hs6_lumped,suspicious,needs_review,excluded_nonfood,note
300040,Lupins/lupini beans,03xxxxx Đậu/pulses,071390,0300040 Lupins/lupini beans | Lupinus albus subsp. albus; Lupinus angustifolius; Lupinus luteus; Lupinus mutabilis,fresh,needs_confirm,auto_hs6_present,LUMPED(2→071331) [SUPERSEDED],,,,"residual ASEAN — giữ nguyên, hoàn thiện nếu nối lại ASEAN | GPTFIX 071331->071390: lupins=legume nec"
252020,Purslanes,02xxxxx Rau,070999,0252020 Purslanes | Portulaca oleracea,fresh,needs_arbitration,auto_hs6_present,LUMPED(3→070930) [SUPERSEDED],,,,"residual ASEAN — giữ nguyên, hoàn thiện nếu nối lại ASEAN | LUMP_CERTIFIED 2026-06-29: gộp-cùng-họ (không có HS6 riêng), GIỮ theo chuẩn Ferro2015/Shingal2024 → Limitations | GPTFIX 070930->070999: re-anchor về nec (mã cụ thể sai)"
250000,"Leaf vegetables, herbs and edible flowers",02xxxxx Rau,,"0250000 Leaf vegetables, herbs and edible flowers",fresh,needs_review_group,needs_review,,,NO_HS6,,"residual ASEAN — giữ nguyên, hoàn thiện nếu nối lại ASEAN | GROUP_HEADING: loại khỏi release_long (con map riêng) — theo GPT round2"
280020,Wild fungi,02xxxxx Rau,070959,0280020 Wild fungi,fresh,needs_arbitration,auto_hs6_present,LUMPED(3→070960) [SUPERSEDED],,,,"residual ASEAN — giữ nguyên, hoàn thiện nếu nối lại ASEAN | GPTFIX 070960->070959: wild fungi (KHÔNG phải ớt 070960)"
213060,Parsnips,02xxxxx Rau,070690,0213060 Parsnips | Pastinaca sativa,fresh,needs_confirm,auto_hs6_present,LUMPED(5→070610) [SUPERSEDED],,,,"residual ASEAN — giữ nguyên, hoàn thiện nếu nối lại ASEAN | LUMP_CERTIFIED 2026-06-29: gộp-cùng-họ (không có HS6 riêng), GIỮ theo chuẩn Ferro2015/Shingal2024 → Limitations | GPTFIX 070610->070690: parsnip=edible root"
211000,(a) potatoes,02xxxxx Rau,070110;070190,0211000  | Solanum tuberosum subsp. tuberosum,fresh,needs_review_group,auto_hs6_present,,,,,"residual ASEAN — giữ nguyên, hoàn thiện nếu nối lại ASEAN | GPT2FIX 070110->070110;070190: seed↔grain/sweet-cherry split"
256050,Sage,02xxxxx Rau,070999,0256050 Sage | Salvia officinalis,fresh,needs_confirm,auto_hs6_present,LUMPED(3→070951) [SUPERSEDED],,,,"residual ASEAN — giữ nguyên, hoàn thiện nếu nối lại ASEAN | REANCHOR 070951->070999: sage herb không phải mushroom"
213030,Celeriacs/turnip rooted celeries,02xxxxx Rau,070690,0213030 Celeriacs/turnip rooted celeries | Apium graveolens var. rapaceum,fresh,needs_arbitration,auto_hs6_present,LUMPED(5→070610) [SUPERSEDED],,,,"residual ASEAN — giữ nguyên, hoàn thiện nếu nối lại ASEAN | GPTFIX 070610->070690: celeriac=edible root"
244000,(d) kohlrabies,02xxxxx Rau,070490,"0244000 Whole product after removal of roots, tops and soil | Brassica oleracea var. gongylodes",fresh,needs_review_group,auto_hs6_present,LUMPED(5→070690) [SUPERSEDED],,,,"residual ASEAN — giữ nguyên, hoàn thiện nếu nối lại ASEAN | GPTFIX 070690->070490: kohlrabi=brassica"
830990,Others (2),08xxxxx Gia vị,090619,0830990 Others ( 2 ),fresh,excluded_nec,auto_hs6_present,,,,,"residual ASEAN — giữ nguyên, hoàn thiện nếu nối lại ASEAN"
270990,Others (2),02xxxxx Rau,070999,0270990 Others ( 2 ),fresh,excluded_nec,auto_hs6_present,LUMPED(11→070940) [SUPERSEDED],,,,"residual ASEAN — giữ nguyên, hoàn thiện nếu nối lại ASEAN | GPTFIX 070940->070999: re-anchor về nec (mã cụ thể sai)"
256070,Thyme,02xxxxx Rau,070999,0256070 Thyme | Thymus vulgaris,fresh,needs_confirm,auto_hs6_present,LUMPED(11→070940) [SUPERSEDED],,,,"residual ASEAN — giữ nguyên, hoàn thiện nếu nối lại ASEAN | REANCHOR 070940->070999: lump về nec đúng nhóm (ngoài-panel)"
1050000,Amphibians and Reptiles,10xxxxx SP động vật (cạn),,1050000 Amphibians and Reptiles,fresh,needs_review_group,,,,,EXCLUDED_nonfood(animal),"residual ASEAN — giữ nguyên, hoàn thiện nếu nối lại ASEAN | GROUP_HEADING: loại khỏi release_long (con map riêng) — theo GPT round2"
256040,Parsley,02xxxxx Rau,070999,0256040 Parsley | Petroselinum crispum,fresh,needs_arbitration,auto_hs6_present,LUMPED(6→070920) [SUPERSEDED],,,,"residual ASEAN — giữ nguyên, hoàn thiện nếu nối lại ASEAN | REANCHOR 070920->070999: lump về nec đúng nhóm (ngoài-panel)"
163100,Durians,01xxxxx Trái cây (fresh/frozen) + nuts,081060,0163100 Durians | Durio zibethinus,fresh,verified_high,vn_finalized,,,,,Sầu riêng/durian (Durio zibethinus)
242020,Head cabbages,02xxxxx Rau,070490,0242020 Head cabbages | Brassica oleracea var. capitata,fresh,needs_arbitration,auto_hs6_present,LUMPED(8→070410) [SUPERSEDED],,,,"residual ASEAN — giữ nguyên, hoàn thiện nếu nối lại ASEAN | GPTFIX 070410->070490: head cabbage=brassica nec"
130050,Loquats/Japanese medlars,01xxxxx Trái cây (fresh/frozen) + nuts,081090,0130050 Loquats/Japanese medlars | Eriobotrya japonica,fresh,needs_arbitration,auto_hs6_present,LUMPED(4→080830) [SUPERSEDED],,,,"residual ASEAN — giữ nguyên, hoàn thiện nếu nối lại ASEAN | LUMP_CERTIFIED 2026-06-29: gộp-cùng-họ (không có HS6 riêng), GIỮ theo chuẩn Ferro2015/Shingal2024 → Limitations | GPTFIX 080830->081090: re-anchor về nec (mã cụ thể sai)"
300000,PULSES,03xxxxx Đậu/pulses,071310,0300000 PULSES,fresh,needs_review_group,auto_hs6_present,LUMPED(3→071310),,,,"residual ASEAN — giữ nguyên, hoàn thiện nếu nối lại ASEAN | LUMP_CERTIFIED 2026-06-29: gộp-cùng-họ (không có HS6 riêng), GIỮ theo chuẩn Ferro2015/Shingal2024 → Limitations | GROUP_HEADING: loại khỏi release_long (con map riêng) — theo GPT round2"
870000,Aril spices,08xxxxx Gia vị,090821,0870000 Aril spices,fresh,needs_review_group,auto_hs6_present,LUMPED(2→090811) [SUPERSEDED],,,,"residual ASEAN — giữ nguyên, hoàn thiện nếu nối lại ASEAN | GPTFIX 090811->090821: aril spices=mace | GROUP_HEADING: loại khỏi release_long (con map riêng) — theo GPT round2"
401050,Sunflower seeds,04xxxxx Hạt có dầu/oil fruits,120600,0401050 Sunflower seeds | Helianthus annuus,fresh,needs_review_noanchor,auto_sci_name,,,,,"[map loài→HS: 0401050 Sunflower seeds | Helianthus ann] residual ASEAN — giữ nguyên, hoàn thiện nếu nối lại ASEAN"
110030,Lemons,01xxxxx Trái cây (fresh/frozen) + nuts,080550,0110030 Lemons | Citrus limon,fresh,verified_high,vn_finalized,LUMPED(2→080550),,,,Chanh/lemons (+limes 080550)
1011040,Kidney,10xxxxx SP động vật (cạn),,1011040 Kidney,fresh,needs_review_noanchor,,,,,EXCLUDED_nonfood(animal),"residual ASEAN — giữ nguyên, hoàn thiện nếu nối lại ASEAN"
260010,Beans (with pods),02xxxxx Rau,070820,0260010 Beans (with pods) | Phaseolus vulgaris,fresh,needs_confirm,auto_hs6_present,LUMPED(2→070820),,,,"residual ASEAN — giữ nguyên, hoàn thiện nếu nối lại ASEAN"
632010,Strawberry,06xxxxx Chè/cà phê/hật cacao/thảo mộc,121190,0632010 Strawberry | Fragaria x ananassa,fresh,needs_review_noanchor,auto_herbal_infusion,LUMPED(13→121190),"CO-NAME TRAP: lá dâu tây (herbal infusion, grp 0632 Leaves) ≠ quả dâu 0152000; cùng loài Fragaria×ananassa, KHÁC HS6 (lá→1211 vs quả→081010)",,,"[herbal infusion part→1211 plants for infusion; lumped] residual ASEAN — giữ nguyên, hoàn thiện nếu nối lại ASEAN"
1012040,Kidney,10xxxxx SP động vật (cạn),,1012040 Kidney,fresh,needs_review_noanchor,,,,,EXCLUDED_nonfood(animal),"residual ASEAN — giữ nguyên, hoàn thiện nếu nối lại ASEAN"
810030,Celery,08xxxxx Gia vị,091099,0810030 Celery | Apium graveolens,fresh,needs_arbitration,auto_hs6_present,LUMPED(7→090921) [SUPERSEDED],,,,"residual ASEAN — giữ nguyên, hoàn thiện nếu nối lại ASEAN | HSFIX5 090921->091099: celery seed=spice nec 0910.99 (đang coriander)"
401070,Soyabeans,04xxxxx Hạt có dầu/oil fruits,120110;120190,0401070 Soyabeans | Glycine max,fresh,needs_review_noanchor,auto_sci_name,,,,,"[map loài→HS: 0401070 Soyabeans | Glycine max] residual ASEAN — giữ nguyên, hoàn thiện nếu nối lại ASEAN | GPT2FIX 120190->120110;120190: seed↔grain/sweet-cherry split"
300010,Beans,03xxxxx Đậu/pulses,071333,0300010 Beans | Phaseolus vulgaris,fresh,verified_high,auto_verified,LUMPED(2→071331) [SUPERSEDED],,,,"residual ASEAN — giữ nguyên, hoàn thiện nếu nối lại ASEAN | GPTFIX 071331->071333: beans=Phaseolus (KHÔNG phải vigna 071331)"
401080,Mustard seeds,04xxxxx Hạt có dầu/oil fruits,120750,0401080 Mustard seeds | Brassica juncea; Brassica nigra; Sinapis alba,fresh,needs_review_noanchor,auto_sci_name,LUMPED(2→120750),,,,"[map loài→HS: 0401080 Mustard seeds | Brassica juncea;] residual ASEAN — giữ nguyên, hoàn thiện nếu nối lại ASEAN"
130000,Pome fruits,01xxxxx Trái cây (fresh/frozen) + nuts,080810,0130000 Pome fruits,fresh,needs_review_group,auto_hs6_present,LUMPED(2→080810),,,,"residual ASEAN — giữ nguyên, hoàn thiện nếu nối lại ASEAN | GROUP_HEADING: loại khỏi release_long (con map riêng) — theo GPT round2"
154990,Others (2),01xxxxx Trái cây (fresh/frozen) + nuts,081090,0154990 Others ( 2 ),fresh,excluded_nec,auto_hs6_present,LUMPED(8→081040) [SUPERSEDED],,,,"residual ASEAN — giữ nguyên, hoàn thiện nếu nối lại ASEAN | GPTFIX 081040->081090: re-anchor về nec (mã cụ thể sai)"
500990,Others (2),05xxxxx Ngũ cốc,,0500990 Others ( 2 ),fresh,excluded_nec,excluded_nec,,,,EXCLUDED_nec(Others catch-all),"residual ASEAN — giữ nguyên, hoàn thiện nếu nối lại ASEAN"
254000,(d) watercresses,02xxxxx Rau,070999,0254000  | Nasturtium officinale,fresh,needs_review_group,auto_hs6_present,LUMPED(3→070930) [SUPERSEDED],,,,"residual ASEAN — giữ nguyên, hoàn thiện nếu nối lại ASEAN | GPTFIX 070930->070999: re-anchor về nec (mã cụ thể sai)"
401150,Castor beans,04xxxxx Hạt có dầu/oil fruits,120730,0401150 Castor beans | Ricinus communis,fresh,needs_review_noanchor,auto_sci_name,LUMPED(2→120730),,,,"[map loài→HS: 0401150 Castor beans | Ricinus communis] residual ASEAN — giữ nguyên, hoàn thiện nếu nối lại ASEAN"
800000,SPICES,08xxxxx Gia vị,,0800000 SPICES,fresh,needs_review_group,needs_review,,,NO_HS6,,"residual ASEAN — giữ nguyên, hoàn thiện nếu nối lại ASEAN | GROUP_HEADING: loại khỏi release_long (con map riêng) — theo GPT round2"
162060,American persimmons/Virginia kaki,01xxxxx Trái cây (fresh/frozen) + nuts,081070,0162060 American persimmons/Virginia kaki | Diospyros virginiana,fresh,needs_arbitration,auto_hs6_present,LUMPED(3→081070),,,,"residual ASEAN — giữ nguyên, hoàn thiện nếu nối lại ASEAN"
242010,Brussels sprouts,02xxxxx Rau,070420,0242010 Brussels sprouts | Brassica oleracea var. gemmifera,fresh,verified_high,auto_verified,LUMPED(2→070420),,,,"residual ASEAN — giữ nguyên, hoàn thiện nếu nối lại ASEAN"
1014000,d) goat,10xxxxx SP động vật (cạn),,1014000  | Capra aegagrus hircus,fresh,needs_review_group,,,,,EXCLUDED_nonfood(animal),"residual ASEAN — giữ nguyên, hoàn thiện nếu nối lại ASEAN"
830000,Bark spices,08xxxxx Gia vị,090611,0830000 Bark spices,fresh,needs_review_group,auto_hs6_present,LUMPED(2→090611),,,,"residual ASEAN — giữ nguyên, hoàn thiện nếu nối lại ASEAN | GROUP_HEADING: loại khỏi release_long (con map riêng) — theo GPT round2"
401100,Pumpkin seeds,04xxxxx Hạt có dầu/oil fruits,120799,0401100 Pumpkin seeds | Cucurbita pepo Styrian Hulless Group,fresh,needs_review_noanchor,auto_sci_name,LUMPED(2→120799),,,,"[map loài→HS: 0401100 Pumpkin seeds | Cucurbita pepo S] residual ASEAN — giữ nguyên, hoàn thiện nếu nối lại ASEAN"
163050,Granate apples/pomegranates,01xxxxx Trái cây (fresh/frozen) + nuts,081090,0163050 Granate apples/pomegranates | Punica granatum,fresh,needs_arbitration,auto_hs6_present,LUMPED(4→080390) [SUPERSEDED],,,,"residual ASEAN — giữ nguyên, hoàn thiện nếu nối lại ASEAN | HSFIX2 2026-06-29 080390->081090: lựu=fruit nec 081090 (KHÔNG phải chuối)"
900020,Sugar canes,09xxxxx Cây mía-đường,121293,0900020 Sugar canes | Saccharum officinarum,fresh,needs_review_noanchor,auto_sci_name,,,,,"[map loài→HS: 0900020 Sugar canes | Saccharum officina] residual ASEAN — giữ nguyên, hoàn thiện nếu nối lại ASEAN"
220990,Others (2),02xxxxx Rau,070390,0220990 Others ( 2 ),fresh,excluded_nec,auto_hs6_present,LUMPED(2→070390),,,,"residual ASEAN — giữ nguyên, hoàn thiện nếu nối lại ASEAN"
1020040,Horse,10xxxxx SP động vật (cạn),,1020040 Horse | Equus caballus,fresh,needs_review_noanchor,,,,,EXCLUDED_nonfood(animal),"residual ASEAN — giữ nguyên, hoàn thiện nếu nối lại ASEAN"
251070,Red mustards,02xxxxx Rau,070999,0251070 Red mustards | Brassica juncea var. rugosa,fresh,needs_arbitration,auto_hs6_present,LUMPED(5→070511) [SUPERSEDED],,,,"residual ASEAN — giữ nguyên, hoàn thiện nếu nối lại ASEAN | LUMP_CERTIFIED 2026-06-29: gộp-cùng-họ (không có HS6 riêng), GIỮ theo chuẩn Ferro2015/Shingal2024 → Limitations | GPTFIX 070511->070999: re-anchor về nec (mã cụ thể sai)"
232020,Gherkins,02xxxxx Rau,070700,0232020 Gherkins | Cucumis sativus,fresh,verified_high,auto_verified,LUMPED(2→070700),,,,"residual ASEAN — giữ nguyên, hoàn thiện nếu nối lại ASEAN"
161010,Dates,01xxxxx Trái cây (fresh/frozen) + nuts,080410,0161010 Dates | Phoenix dactylifera,fresh,verified_high,auto_verified,,,,,"residual ASEAN — giữ nguyên, hoàn thiện nếu nối lại ASEAN"
632990,Others (2),06xxxxx Chè/cà phê/hật cacao/thảo mộc,,0632990 Others ( 2 ),fresh,excluded_nec,excluded_nec,,,,EXCLUDED_nec(Others catch-all),"residual ASEAN — giữ nguyên, hoàn thiện nếu nối lại ASEAN"
153020,Dewberries,01xxxxx Trái cây (fresh/frozen) + nuts,081020,0153020 Dewberries | Rubus caesius,fresh,needs_confirm,auto_hs6_present,LUMPED(5→081010) [SUPERSEDED],,,,"residual ASEAN — giữ nguyên, hoàn thiện nếu nối lại ASEAN | REANCHOR 081010->081090: lump về nec đúng nhóm (ngoài-panel) | GPTFIX 081090->081020: dewberry=Rubus"
233010,Melons,02xxxxx Rau,080719,0233010 Melons | Cucumis melo,fresh,verified_high,auto_verified,LUMPED(3→080719),,,,Melons (Cucumis melo) → dưa KHÁC dưa hấu 080719 [SỬA từ 080711]
212010,Cassava roots/manioc,02xxxxx Rau,071410,0212010 Cassava roots/manioc | Manihot esculenta,fresh,needs_confirm,auto_hs6_present,LUMPED(4→071410),,,,"residual ASEAN — giữ nguyên, hoàn thiện nếu nối lại ASEAN"
500060,Rice,05xxxxx Ngũ cốc,100610;100620;100630;100640,0500060 Rice | Oryza sativa,RAC,verified_high,vn_finalized,,,,,[VN-overlay: 100610; 100620; 100630; 100640→100610;100620;100630;100640] GẠO/rice (Oryza sativa) — THE cereal VN; one-to-many GIỮ tất cả con (paddy/brown/milled/broken)
232030,Courgettes,02xxxxx Rau,070993,0232030 Courgettes | Cucurbita pepo Zucchini Group,fresh,needs_arbitration,auto_hs6_present,LUMPED(4→070993),,,,"residual ASEAN — giữ nguyên, hoàn thiện nếu nối lại ASEAN"
252990,Others (2),02xxxxx Rau,070999,0252990 Others ( 2 ),fresh,excluded_nec,auto_hs6_present,LUMPED(11→070940) [SUPERSEDED],,,,"residual ASEAN — giữ nguyên, hoàn thiện nếu nối lại ASEAN | GPTFIX 070940->070999: re-anchor về nec (mã cụ thể sai)"
1030000,Birds eggs,10xxxxx SP động vật (cạn),,1030000 Birds eggs,fresh,needs_review_group,,,,,EXCLUDED_nonfood(animal),"residual ASEAN — giữ nguyên, hoàn thiện nếu nối lại ASEAN | GROUP_HEADING: loại khỏi release_long (con map riêng) — theo GPT round2"
1015030,Liver,10xxxxx SP động vật (cạn),,1015030 Liver,fresh,needs_review_noanchor,,,,,EXCLUDED_nonfood(animal),"residual ASEAN — giữ nguyên, hoàn thiện nếu nối lại ASEAN"
1014050,Edible offals (other than liver and kidney),10xxxxx SP động vật (cạn),,1014050 Edible offals (other than liver and kidney),fresh,needs_review_noanchor,,,,,EXCLUDED_nonfood(animal),"residual ASEAN — giữ nguyên, hoàn thiện nếu nối lại ASEAN"
220040,Spring onions/green onions and Welsh onions,02xxxxx Rau,070310,0220040 Spring onions/green onions and Welsh onions | Allium cepa Common Onion Group; Allium fistulosum,fresh,needs_arbitration,auto_hs6_present,LUMPED(4→070310),,,,"residual ASEAN — giữ nguyên, hoàn thiện nếu nối lại ASEAN"
243990,Others (2),02xxxxx Rau,070490,0243990 Others ( 2 ),fresh,excluded_nec,auto_hs6_present,LUMPED(5→070519) [SUPERSEDED],,,,"residual ASEAN — giữ nguyên, hoàn thiện nếu nối lại ASEAN | GPTFIX 070519->070490: others leafy brassica"
230000,Fruiting vegetables,02xxxxx Rau,,0230000 Fruiting vegetables,fresh,needs_review_group,needs_review,,,NO_HS6,,"residual ASEAN — giữ nguyên, hoàn thiện nếu nối lại ASEAN | GROUP_HEADING: loại khỏi release_long (con map riêng) — theo GPT round2"
1017030,Liver,10xxxxx SP động vật (cạn),,1017030 Liver,fresh,needs_review_noanchor,,,,,EXCLUDED_nonfood(animal),"residual ASEAN — giữ nguyên, hoàn thiện nếu nối lại ASEAN"
213080,Radishes,02xxxxx Rau,070690,0213080 Radishes | Raphanus sativus Radish Group,fresh,verified_high,auto_verified,LUMPED(5→070690),,,,"residual ASEAN — giữ nguyên, hoàn thiện nếu nối lại ASEAN"
1017010,Muscle,10xxxxx SP động vật (cạn),,1017010 Muscle,fresh,needs_review_noanchor,,,,,EXCLUDED_nonfood(animal),"residual ASEAN — giữ nguyên, hoàn thiện nếu nối lại ASEAN"
200000,"VEGETABLES, FRESH or FROZEN",02xxxxx Rau,,"0200000 VEGETABLES, FRESH or FROZEN",fresh,needs_review_group,needs_review,,,NO_HS6,,"residual ASEAN — giữ nguyên, hoàn thiện nếu nối lại ASEAN | GROUP_HEADING: loại khỏi release_long (con map riêng) — theo GPT round2"
153990,Others (2),01xxxxx Trái cây (fresh/frozen) + nuts,081020,0153990 Others ( 2 ),fresh,excluded_nec,auto_hs6_present,LUMPED(8→081040) [SUPERSEDED],,,,"residual ASEAN — giữ nguyên, hoàn thiện nếu nối lại ASEAN | GPTFIX 081040->081020: others cane fruit"
401090,Cotton seeds,04xxxxx Hạt có dầu/oil fruits,120721;120729,0401090 Cotton seeds | Gossypium barbadense; Gossypium herbaceum,fresh,needs_review_noanchor,auto_sci_name,,,,,"[map loài→HS: 0401090 Cotton seeds | Gossypium barbade] residual ASEAN — giữ nguyên, hoàn thiện nếu nối lại ASEAN | HSFIX 2026-06-29: 520100->120721 (520100=xơ bông ch52 ngoài scope; cotton seed=120721) | GPT2FIX 120721->120721;120729: seed↔grain/sweet-cherry split"
1013050,Edible offals (other than liver and kidney),10xxxxx SP động vật (cạn),,1013050 Edible offals (other than liver and kidney),fresh,needs_review_noanchor,,,,,EXCLUDED_nonfood(animal),"residual ASEAN — giữ nguyên, hoàn thiện nếu nối lại ASEAN"
810060,Dill,08xxxxx Gia vị,091099,0810060 Dill | Anethum graveolens,fresh,needs_arbitration,auto_hs6_present,LUMPED(5→090961) [SUPERSEDED],,,,"residual ASEAN — giữ nguyên, hoàn thiện nếu nối lại ASEAN | LUMP_CERTIFIED 2026-06-29: gộp-cùng-họ (không có HS6 riêng), GIỮ theo chuẩn Ferro2015/Shingal2024 → Limitations | GPTFIX 090961->091099: re-anchor về nec (mã cụ thể sai)"
154060,Mulberries (black and white),01xxxxx Trái cây (fresh/frozen) + nuts,081020,0154060 Mulberries (black and white) | Morus alba; Morus nigra,fresh,needs_confirm,auto_hs6_present,LUMPED(4→081020),,,,"residual ASEAN — giữ nguyên, hoàn thiện nếu nối lại ASEAN"
1016990,Others (2),10xxxxx SP động vật (cạn),,1016990 Others ( 2 ),fresh,excluded_nec,,,,,EXCLUDED_nonfood(animal),"residual ASEAN — giữ nguyên, hoàn thiện nếu nối lại ASEAN"
402040,Kapok,04xxxxx Hạt có dầu/oil fruits,120799,0402040 Kapok | Ceiba pentandra,fresh,needs_review_noanchor,auto_sci_name,,,,,"residual ASEAN — giữ nguyên, hoàn thiện nếu nối lại ASEAN | HSFIX2 2026-06-29 080232->120799: kapok=oilseed nec 120799 (KHÔNG phải óc chó)"
1010000,Commodities from,10xxxxx SP động vật (cạn),,1010000 Commodities from,fresh,needs_review_group,,,,,EXCLUDED_nonfood(animal),"residual ASEAN — giữ nguyên, hoàn thiện nếu nối lại ASEAN | GROUP_HEADING: loại khỏi release_long (con map riêng) — theo GPT round2"
1030030,Geese,10xxxxx SP động vật (cạn),,1030030 Geese | Anser anser,fresh,needs_review_noanchor,,,,,EXCLUDED_nonfood(animal),"residual ASEAN — giữ nguyên, hoàn thiện nếu nối lại ASEAN"
810070,Fennel,08xxxxx Gia vị,090961,0810070 Fennel | Foeniculum vulgare,fresh,verified_high,auto_verified,LUMPED(5→090961),,,,"residual ASEAN — giữ nguyên, hoàn thiện nếu nối lại ASEAN"
631990,Others (2),06xxxxx Chè/cà phê/hật cacao/thảo mộc,,0631990 Others ( 2 ),fresh,excluded_nec,excluded_nec,,,,EXCLUDED_nec(Others catch-all),"residual ASEAN — giữ nguyên, hoàn thiện nếu nối lại ASEAN"
163110,Soursops/guanabanas,01xxxxx Trái cây (fresh/frozen) + nuts,081090,0163110 Soursops/guanabanas | Annona muricata,fresh,needs_arbitration,auto_hs6_present,LUMPED(4→080390) [SUPERSEDED],,,,"residual ASEAN — giữ nguyên, hoàn thiện nếu nối lại ASEAN | HSFIX2 2026-06-29 080390->081090: mãng cầu=fruit nec 081090 (KHÔNG phải chuối)"
700000,HOPS,07xxxxx Hoa bia/hops,121010,0700000 HOPS | Humulus lupulus,fresh,needs_review_group,needs_review,,,,,"residual ASEAN — giữ nguyên, hoàn thiện nếu nối lại ASEAN | GPTFIX add 121010: hops=hop cones (trước trống) | GROUP_HEADING: loại khỏi release_long (con map riêng) — theo GPT round2"
151020,Wine grapes,01xxxxx Trái cây (fresh/frozen) + nuts,080610,0151020 Wine grapes | Vitis vinifera,fresh,needs_confirm,auto_hs6_present,LUMPED(3→080610),,,,"residual ASEAN — giữ nguyên, hoàn thiện nếu nối lại ASEAN"
633010,Valerian,06xxxxx Chè/cà phê/hật cacao/thảo mộc,121190,0633010 Valerian | Valeriana officinalis,fresh,needs_review_noanchor,auto_herbal_infusion,LUMPED(13→121190),,,,"[herbal infusion part→1211 plants for infusion; lumped] residual ASEAN — giữ nguyên, hoàn thiện nếu nối lại ASEAN"
1015010,Muscle,10xxxxx SP động vật (cạn),,1015010 Muscle,fresh,needs_review_noanchor,,,,,EXCLUDED_nonfood(animal),"residual ASEAN — giữ nguyên, hoàn thiện nếu nối lại ASEAN"
220010,Garlic,02xxxxx Rau,070320,0220010 Garlic | Allium sativum,fresh,verified_high,auto_verified,,,,,"residual ASEAN — giữ nguyên, hoàn thiện nếu nối lại ASEAN"
640000,Cocoa beans,06xxxxx Chè/cà phê/hật cacao/thảo mộc,180100,0640000 Cocoa beans | Theobroma cacao,fresh,needs_review_group,needs_review,,,,,"residual ASEAN — giữ nguyên, hoàn thiện nếu nối lại ASEAN | GPTFIX add 180100: cocoa beans (trước trống) | GROUP_HEADING: loại khỏi release_long (con map riêng) — theo GPT round2"
253000,(c) grape leaves and similar species,02xxxxx Rau,070999,0253000  | Vitis vinifera,fresh,needs_review_group,auto_hs6_present,LUMPED(7→070970) [SUPERSEDED],,,,"residual ASEAN — giữ nguyên, hoàn thiện nếu nối lại ASEAN | REANCHOR2 070970->070999: grape leaves không phải spinach/mushroom (ngoài-panel)"
1012050,Edible offals (other than liver and kidney),10xxxxx SP động vật (cạn),,1012050 Edible offals (other than liver and kidney),fresh,needs_review_noanchor,,,,,EXCLUDED_nonfood(animal),"residual ASEAN — giữ nguyên, hoàn thiện nếu nối lại ASEAN"
401060,Rapeseeds/canola seeds,04xxxxx Hạt có dầu/oil fruits,120510;120590,0401060 Rapeseeds/canola seeds | Brassica napus subsp. napus,fresh,needs_review_noanchor,auto_sci_name,,,,,"[map loài→HS: 0401060 Rapeseeds/canola seeds | Brassic] residual ASEAN — giữ nguyên, hoàn thiện nếu nối lại ASEAN | HSFIX2 2026-06-29 120740->120590: cải dầu/canola=rape/colza 1205 | GPT2FIX 120590->120510;120590: seed↔grain/sweet-cherry split"
1011990,Others (2),10xxxxx SP động vật (cạn),,1011990 Others ( 2 ),fresh,excluded_nec,,,,,EXCLUDED_nonfood(animal),"residual ASEAN — giữ nguyên, hoàn thiện nếu nối lại ASEAN"
1015050,Edible offals (other than liver and kidney),10xxxxx SP động vật (cạn),,1015050 Edible offals (other than liver and kidney),fresh,needs_review_noanchor,,,,,EXCLUDED_nonfood(animal),"residual ASEAN — giữ nguyên, hoàn thiện nếu nối lại ASEAN"
161000,(a) edible peel,01xxxxx Trái cây (fresh/frozen) + nuts,080430,0161000 ,fresh,needs_review_group,auto_hs6_present,LUMPED(2→080430),,,,"residual ASEAN — giữ nguyên, hoàn thiện nếu nối lại ASEAN"
154010,Blueberries,01xxxxx Trái cây (fresh/frozen) + nuts,081040,0154010 Blueberries | Vaccinium angustifolium; Vaccinium corymbosum; Vaccinium formosum; Vaccinium virgatum,fresh,verified_high,auto_verified,LUMPED(8→081040),,,,"residual ASEAN — giữ nguyên, hoàn thiện nếu nối lại ASEAN"
401130,Gold of pleasure seeds,04xxxxx Hạt có dầu/oil fruits,120799,0401130 Gold of pleasure seeds | Camelina sativa,fresh,needs_review_noanchor,auto_sci_name,LUMPED(2→120750) [SUPERSEDED],,,,"[map loài→HS: 0401130 Gold of pleasure seeds | Camelin] residual ASEAN — giữ nguyên, hoàn thiện nếu nối lại ASEAN | HSFIX2 2026-06-29 120750->120799: camelina=oilseed nec 120799"
1013010,Muscle,10xxxxx SP động vật (cạn),,1013010 Muscle,fresh,needs_review_noanchor,,,,,EXCLUDED_nonfood(animal),"residual ASEAN — giữ nguyên, hoàn thiện nếu nối lại ASEAN"
1012010,Muscle,10xxxxx SP động vật (cạn),,1012010 Muscle,fresh,needs_review_noanchor,,,,,EXCLUDED_nonfood(animal),"residual ASEAN — giữ nguyên, hoàn thiện nếu nối lại ASEAN"
210000,Root and tuber vegetables,02xxxxx Rau,,0210000 Root and tuber vegetables,fresh,needs_review_group,needs_review,,,NO_HS6,,"residual ASEAN — giữ nguyên, hoàn thiện nếu nối lại ASEAN | GROUP_HEADING: loại khỏi release_long (con map riêng) — theo GPT round2"
810990,Others (2),08xxxxx Gia vị,091099,0810990 Others ( 2 ),fresh,excluded_nec,auto_hs6_present,LUMPED(7→090921) [SUPERSEDED],,,,"residual ASEAN — giữ nguyên, hoàn thiện nếu nối lại ASEAN | GPTFIX 090921->091099: re-anchor về nec (mã cụ thể sai)"
260000,Legume vegetables,02xxxxx Rau,070810,0260000 Legume vegetables,fresh,needs_review_group,auto_hs6_present,LUMPED(4→070810),,,,"residual ASEAN — giữ nguyên, hoàn thiện nếu nối lại ASEAN | GROUP_HEADING: loại khỏi release_long (con map riêng) — theo GPT round2"
151010,Table grapes,01xxxxx Trái cây (fresh/frozen) + nuts,080610,0151010 Table grapes | Vitis vinifera,fresh,verified_high,auto_verified,LUMPED(3→080610),,,,"residual ASEAN — giữ nguyên, hoàn thiện nếu nối lại ASEAN"
241000,(a) flowering brassica,02xxxxx Rau,070410,0241000 Whole plant after removal of roots and leaves,fresh,needs_review_group,auto_hs6_present,LUMPED(8→070410),,,,"residual ASEAN — giữ nguyên, hoàn thiện nếu nối lại ASEAN"
251020,Lettuces,02xxxxx Rau,070511,0251020 Lettuces | Lactuca sativa,fresh,verified_high,auto_verified,LUMPED(5→070511),,,,"residual ASEAN — giữ nguyên, hoàn thiện nếu nối lại ASEAN"
610000,Teas,06xxxxx Chè/cà phê/hật cacao/thảo mộc,090210;090220;090230;090240,0610000 Teas | Camellia sinensis,RAC_dried,needs_review_group,vn_finalized,,,,,[VN-overlay: 090210; 090220; 090230; 090240→090210;090220;090230;090240] Chè/tea (Camellia sinensis) — one-to-many | GROUP_HEADING: loại khỏi release_long (con map riêng) — theo GPT round2
241990,Others (2),02xxxxx Rau,070410,0241990 Others ( 2 ),fresh,excluded_nec,auto_hs6_present,LUMPED(8→070410),,,,"residual ASEAN — giữ nguyên, hoàn thiện nếu nối lại ASEAN"
161040,Kumquats,01xxxxx Trái cây (fresh/frozen) + nuts,080590,0161040 Kumquats | Fortunella japonica; Fortunella margarita,fresh,needs_arbitration,auto_hs6_present,LUMPED(5→081030) [SUPERSEDED],,,,"residual ASEAN — giữ nguyên, hoàn thiện nếu nối lại ASEAN | REANCHOR 081030->081090: lump về nec đúng nhóm (ngoài-panel) | GPTFIX 081090->080590: kumquat=citrus nec"
212990,Others (2),02xxxxx Rau,071490,0212990 Others ( 2 ),fresh,excluded_nec,auto_hs6_present,LUMPED(4→071410) [SUPERSEDED],,,,"residual ASEAN — giữ nguyên, hoàn thiện nếu nối lại ASEAN | GPTFIX 071410->071490: others tropical root"
140040,Plums,01xxxxx Trái cây (fresh/frozen) + nuts,080940,0140040 Plums | Prunus domestica,fresh,verified_high,auto_verified,LUMPED(2→080940),,,,"residual ASEAN — giữ nguyên, hoàn thiện nếu nối lại ASEAN"
1013990,Others (2),10xxxxx SP động vật (cạn),,1013990 Others ( 2 ),fresh,excluded_nec,,,,,EXCLUDED_nonfood(animal),"residual ASEAN — giữ nguyên, hoàn thiện nếu nối lại ASEAN"
242000,(b) head brassica,02xxxxx Rau,070490,0242000 Whole plant after removal of roots and decayed leaves (except Brussels sprouts),fresh,needs_review_group,auto_hs6_present,LUMPED(8→070410) [SUPERSEDED],,,,"residual ASEAN — giữ nguyên, hoàn thiện nếu nối lại ASEAN | GPTFIX 070410->070490: head brassica group"
1015000,(e) equine,10xxxxx SP động vật (cạn),,1015000  | Equus spp.,fresh,needs_review_group,,,,,EXCLUDED_nonfood(animal),"residual ASEAN — giữ nguyên, hoàn thiện nếu nối lại ASEAN"
900990,Others (2),09xxxxx Cây mía-đường,,0900990 Others ( 2 ),fresh,excluded_nec,excluded_nec,,,,EXCLUDED_nec(Others catch-all),"residual ASEAN — giữ nguyên, hoàn thiện nếu nối lại ASEAN"
1011020,Fat,10xxxxx SP động vật (cạn),,1011020 Fat,fresh,needs_review_noanchor,,,,,EXCLUDED_nonfood(animal),"residual ASEAN — giữ nguyên, hoàn thiện nếu nối lại ASEAN"
233000,(c) cucurbits with inedible peel,02xxxxx Rau,080719,0233000 Whole product after removal of stems,fresh,needs_review_group,auto_hs6_present,LUMPED(3→080719),,,,"residual ASEAN — giữ nguyên, hoàn thiện nếu nối lại ASEAN"
500040,Common milletproso millet,05xxxxx Ngũ cốc,100821;100829,0500040 Common millet/proso millet | Panicum miliaceum,fresh,needs_confirm,auto_hs6_present,,,,,"residual ASEAN — giữ nguyên, hoàn thiện nếu nối lại ASEAN | GPT2FIX 100821->100821;100829: seed↔grain/sweet-cherry split"
1020030,Goat,10xxxxx SP động vật (cạn),,1020030 Goat | Capra aegagrus hircus,fresh,needs_review_noanchor,,,,,EXCLUDED_nonfood(animal),"residual ASEAN — giữ nguyên, hoàn thiện nếu nối lại ASEAN"
401030,Poppy seeds,04xxxxx Hạt có dầu/oil fruits,120791,0401030 Poppy seeds | Papaver somniferum subsp. somniferum,fresh,needs_review_noanchor,auto_sci_name,,,,,"[map loài→HS: 0401030 Poppy seeds | Papaver somniferum] residual ASEAN — giữ nguyên, hoàn thiện nếu nối lại ASEAN | HSFIX2 2026-06-29 120510->120791: anh túc=poppy 120791"
1011030,Liver,10xxxxx SP động vật (cạn),,1011030 Liver,fresh,needs_review_noanchor,,,,,EXCLUDED_nonfood(animal),"residual ASEAN — giữ nguyên, hoàn thiện nếu nối lại ASEAN"
1014040,Kidney,10xxxxx SP động vật (cạn),,1014040 Kidney,fresh,needs_review_noanchor,,,,,EXCLUDED_nonfood(animal),"residual ASEAN — giữ nguyên, hoàn thiện nếu nối lại ASEAN"
220000,Bulb vegetables,02xxxxx Rau,070310,0220000 Bulb vegetables,fresh,needs_review_group,auto_hs6_present,LUMPED(4→070310),,,,"residual ASEAN — giữ nguyên, hoàn thiện nếu nối lại ASEAN | GROUP_HEADING: loại khỏi release_long (con map riêng) — theo GPT round2"
850010,Cloves,08xxxxx Gia vị,090710,0850010 Cloves | Syzygium aromaticum ; syn: Eugenia caryophyllata,fresh,verified_high,auto_verified,LUMPED(4→090710),,,,"residual ASEAN — giữ nguyên, hoàn thiện nếu nối lại ASEAN"
256010,Chervil,02xxxxx Rau,070999,0256010 Chervil | Anthriscus cerefolium,fresh,needs_arbitration,auto_hs6_present,LUMPED(6→070920) [SUPERSEDED],,,,"residual ASEAN — giữ nguyên, hoàn thiện nếu nối lại ASEAN | REANCHOR 070920->070999: lump về nec đúng nhóm (ngoài-panel)"
633990,Others (2),06xxxxx Chè/cà phê/hật cacao/thảo mộc,,0633990 Others ( 2 ),fresh,excluded_nec,excluded_nec,,,,EXCLUDED_nec(Others catch-all),"residual ASEAN — giữ nguyên, hoàn thiện nếu nối lại ASEAN"
500090,Wheat,05xxxxx Ngũ cốc,100111; 100119; 100191; 100199,0500090 Wheat | Triticum aestivum,fresh,verified_high,auto_verified,,,,,Wheat (Triticum) → one-to-many toàn bộ 1001.xx [SỬA: không pin durum-seed]
402030,Oil palms fruits,04xxxxx Hạt có dầu/oil fruits,120799,0402030 Oil palms fruits | Attalea maripa; Elaeis guineensis; Elaeis oleifera,fresh,needs_review_noanchor,auto_sci_name,LUMPED(2→071120) [SUPERSEDED],,,,"residual ASEAN — giữ nguyên, hoàn thiện nếu nối lại ASEAN | HSFIX3 2026-06-29 071120->120799: quả cọ=oilfruit nec; WCO hd1207 'oleaginous fruits', 120710=nhân (loại)"
163070,Guavas,01xxxxx Trái cây (fresh/frozen) + nuts,080450,0163070 Guavas | Psidium guajava,fresh,verified_high,auto_verified,LUMPED(2→080450),,,,"residual ASEAN — giữ nguyên, hoàn thiện nếu nối lại ASEAN"
153030,Raspberries (red and yellow),01xxxxx Trái cây (fresh/frozen) + nuts,081020,0153030 Raspberries (red and yellow) | Rubus idaeus,fresh,needs_confirm,auto_hs6_present,LUMPED(4→081020),,,,"residual ASEAN — giữ nguyên, hoàn thiện nếu nối lại ASEAN"
810000,Seed spices,08xxxxx Gia vị,090921,0810000 Seed spices,fresh,needs_review_group,auto_hs6_present,LUMPED(7→090921),,,,"residual ASEAN — giữ nguyên, hoàn thiện nếu nối lại ASEAN | GROUP_HEADING: loại khỏi release_long (con map riêng) — theo GPT round2"
231040,Okralady's fingers,02xxxxx Rau,070999,0231040 Okra/lady's fingers | Abelmoschus esculentus,fresh,needs_arbitration,vn_finalized,LUMPED(2→070999),,,,Đậu bắp/okra (Abelmoschus) — LỆCH kỳ vọng 0239→thực tế EU 0231040
256080,Basil and edible flowers,02xxxxx Rau,070999,0256080 Basil and edible flowers | Ocimum basilicum,fresh,needs_arbitration,auto_hs6_present,LUMPED(3→070960) [SUPERSEDED],,,,"residual ASEAN — giữ nguyên, hoàn thiện nếu nối lại ASEAN | GPTFIX 070960->070999: re-anchor về nec (mã cụ thể sai)"
162020,Litchislychees,01xxxxx Trái cây (fresh/frozen) + nuts,081090,0162020 Litchis/lychees | Litchi chinensis,fresh,needs_arbitration,vn_finalized,LUMPED(6→081090),"CO-CODE 081090 gộp vải/nhãn+chanh leo+thanh long+chôm chôm (rambutan→0163060, đã sửa lát VN)",,,"Vải/litchi (Litchi chinensis), n.e.c. heading 0810"
154050,Rose hips,01xxxxx Trái cây (fresh/frozen) + nuts,081090,0154050 Rose hips | Rosa canina; Rosa majalis; Rosa rugosa,fresh,needs_arbitration,auto_hs6_present,LUMPED(5→081010) [SUPERSEDED],,,,"residual ASEAN — giữ nguyên, hoàn thiện nếu nối lại ASEAN | REANCHOR 081010->081090: lump về nec đúng nhóm (ngoài-panel)"
260030,Peas (with pods),02xxxxx Rau,070810,0260030 Peas (with pods) | Pisum sativum,fresh,verified_high,auto_verified,LUMPED(4→070810),,,,"residual ASEAN — giữ nguyên, hoàn thiện nếu nối lại ASEAN"
232990,Others (2),02xxxxx Rau,070999,0232990 Others ( 2 ),fresh,excluded_nec,auto_hs6_present,LUMPED(11→070940) [SUPERSEDED],,,,"residual ASEAN — giữ nguyên, hoàn thiện nếu nối lại ASEAN | GPTFIX 070940->070999: re-anchor về nec (mã cụ thể sai)"
1200000,PRODUCTS OR PART OF PRODUCTS EXCLUSIVELY USED FOR ANIMAL FEED PRODUCTION (8),12xxxxx SP động vật,,1200000 PRODUCTS OR PART OF PRODUCTS EXCLUSIVELY USED FOR ANIMAL FEED PRODUCTION ( 8 ),fresh,needs_review_group,,,,,EXCLUDED_nonfood(animal),"residual ASEAN — giữ nguyên, hoàn thiện nếu nối lại ASEAN | GROUP_HEADING: loại khỏi release_long (con map riêng) — theo GPT round2"
233990,Others (2),02xxxxx Rau,080719,0233990 Others ( 2 ),fresh,excluded_nec,auto_hs6_present,LUMPED(3→080719),,,,"residual ASEAN — giữ nguyên, hoàn thiện nếu nối lại ASEAN"
280990,Mosses and lichens,02xxxxx Rau,070999,0280990 Mosses and lichens,fresh,needs_arbitration,auto_hs6_present,LUMPED(2→070959) [SUPERSEDED],,,,"residual ASEAN — giữ nguyên, hoàn thiện nếu nối lại ASEAN | HSFIX6 070959->070999: mosses/lichens không phải mushroom"
402020,Oil palms kernels,04xxxxx Hạt có dầu/oil fruits,120710,0402020 Oil palms kernels | Attalea maripa; Elaeis guineensis; Elaeis oleifera,fresh,needs_review_noanchor,auto_sci_name,,,,,"residual ASEAN — giữ nguyên, hoàn thiện nếu nối lại ASEAN | HSFIX 2026-06-29: 151010->120710 (151010 không tồn tại HS2012; palm kernels=120710)"
260990,Others (2),02xxxxx Rau,070890,0260990 Others ( 2 ),fresh,excluded_nec,auto_hs6_present,,,,,"residual ASEAN — giữ nguyên, hoàn thiện nếu nối lại ASEAN"
140010,Apricots,01xxxxx Trái cây (fresh/frozen) + nuts,080910,0140010 Apricots | Armeniaca vulgaris ; syn: Prunus armeniaca,fresh,verified_high,auto_verified,,,,,"residual ASEAN — giữ nguyên, hoàn thiện nếu nối lại ASEAN"
632020,Rooibos,06xxxxx Chè/cà phê/hật cacao/thảo mộc,121190,0632020 Rooibos | Aspalathus linearis,fresh,needs_review_noanchor,auto_herbal_infusion,LUMPED(13→121190),,,,"[herbal infusion part→1211 plants for infusion; lumped] residual ASEAN — giữ nguyên, hoàn thiện nếu nối lại ASEAN"
154070,AzarolesMediterranean medlars,01xxxxx Trái cây (fresh/frozen) + nuts,081090,0154070 Azaroles/Mediterranean medlars | Crataegus azarolus,fresh,needs_arbitration,auto_hs6_present,LUMPED(5→081030) [SUPERSEDED],,,,"residual ASEAN — giữ nguyên, hoàn thiện nếu nối lại ASEAN | REANCHOR 081030->081090: lump về nec đúng nhóm (ngoài-panel)"
110020,Oranges,01xxxxx Trái cây (fresh/frozen) + nuts,080510,0110020 Oranges | Citrus sinensis,fresh,verified_high,vn_finalized,LUMPED(2→080510),,,,Cam/oranges
840040,Horseradish (11),08xxxxx Gia vị,070690,0840040 Horseradish ( 11 ) | Armoracia rusticana,fresh,needs_arbitration,auto_hs6_present,,,,,"residual ASEAN — giữ nguyên, hoàn thiện nếu nối lại ASEAN | HSFIX2 2026-06-29 091091->070690: cải ngựa=horseradish root 070690"
870010,Mace,08xxxxx Gia vị,090821,0870010 Mace | Myristica fragrans,fresh,verified_high,auto_verified,LUMPED(2→090821),,,,"residual ASEAN — giữ nguyên, hoàn thiện nếu nối lại ASEAN"
1014030,Liver,10xxxxx SP động vật (cạn),,1014030 Liver,fresh,needs_review_noanchor,,,,,EXCLUDED_nonfood(animal),"residual ASEAN — giữ nguyên, hoàn thiện nếu nối lại ASEAN"
820010,Allspicepimento,08xxxxx Gia vị,090421,0820010 Allspice/pimento | Pimenta dioica ; syn: Pimenta officinalis,fresh,needs_confirm,auto_hs6_present,LUMPED(2→090421),,,,"residual ASEAN — giữ nguyên, hoàn thiện nếu nối lại ASEAN"
260050,Lentils,02xxxxx Rau,070890,0260050 Lentils | Lens culinaris ; syn: Lens esculenta,fresh,needs_arbitration,auto_hs6_present,LUMPED(4→070810) [SUPERSEDED],,,,"residual ASEAN — giữ nguyên, hoàn thiện nếu nối lại ASEAN | LUMP_CERTIFIED 2026-06-29: gộp-cùng-họ (không có HS6 riêng), GIỮ theo chuẩn Ferro2015/Shingal2024 → Limitations | GPTFIX 070810->070890: lentils=legume other"
243010,Chinese cabbagespe-tsai,02xxxxx Rau,070490,0243010 Chinese cabbages/pe-tsai | Brassica rapa subsp. pekinensis,fresh,needs_arbitration,auto_hs6_present,LUMPED(2→070420) [SUPERSEDED],,,,"residual ASEAN — giữ nguyên, hoàn thiện nếu nối lại ASEAN | GPTFIX 070420->070490: chinese cabbage=brassica"
401990,Others (2),04xxxxx Hạt có dầu/oil fruits,,0401990 Others ( 2 ),fresh,excluded_nec,excluded_nec,,,,EXCLUDED_nec(Others catch-all),"residual ASEAN — giữ nguyên, hoàn thiện nếu nối lại ASEAN"
231010,Tomatoes,02xxxxx Rau,070200,0231010 Tomatoes | Lycopersicon esculentum,fresh,verified_high,auto_verified,,,,,"residual ASEAN — giữ nguyên, hoàn thiện nếu nối lại ASEAN"
820080,Tamarind,08xxxxx Gia vị,091099,0820080 Tamarind | Tamarindus indica,fresh,needs_confirm,auto_hs6_present,LUMPED(2→090421) [SUPERSEDED],,,,"residual ASEAN — giữ nguyên, hoàn thiện nếu nối lại ASEAN | REANCHOR 090421->091099: lump về nec đúng nhóm (ngoài-panel)"
1020010,Cattle,10xxxxx SP động vật (cạn),,1020010 Cattle | Bos primigenius taurus,fresh,needs_review_noanchor,,,,,EXCLUDED_nonfood(animal),"residual ASEAN — giữ nguyên, hoàn thiện nếu nối lại ASEAN"
631030,Rose,06xxxxx Chè/cà phê/hật cacao/thảo mộc,121190,0631030 Rose | Rosa spp.,fresh,needs_review_noanchor,auto_herbal_infusion,LUMPED(13→121190),,,,"[herbal infusion part→1211 plants for infusion; lumped] residual ASEAN — giữ nguyên, hoàn thiện nếu nối lại ASEAN"
900010,Sugar beet roots,09xxxxx Cây mía-đường,121291,0900010 Sugar beet roots | Beta vulgaris ssp. vulgaris var. altissima,fresh,needs_review_noanchor,auto_sci_name,,,,,"[map loài→HS: 0900010 Sugar beet roots | Beta vulgaris] residual ASEAN — giữ nguyên, hoàn thiện nếu nối lại ASEAN"
850020,Capers,08xxxxx Gia vị,070999,0850020 Capers | Capparis spinosa,fresh,needs_arbitration,auto_hs6_present,LUMPED(4→090710) [SUPERSEDED],,,,"residual ASEAN — giữ nguyên, hoàn thiện nếu nối lại ASEAN | HSFIX6 090710->070999: capers=nụ hoa veg, không phải cloves"
820020,Sichuan pepper,08xxxxx Gia vị,091099,0820020 Sichuan pepper | Zanthoxylum spp.,fresh,needs_confirm,auto_hs6_present,LUMPED(4→090411) [SUPERSEDED],,,,"residual ASEAN — giữ nguyên, hoàn thiện nếu nối lại ASEAN | GPTFIX 090411->091099: re-anchor về nec (mã cụ thể sai)"
631040,Jasmine,06xxxxx Chè/cà phê/hật cacao/thảo mộc,121190,0631040 Jasmine | Jasminum officinale; Jasminum sambac,fresh,needs_review_noanchor,auto_herbal_infusion,LUMPED(13→121190),,,,"[herbal infusion part→1211 plants for infusion; lumped] residual ASEAN — giữ nguyên, hoàn thiện nếu nối lại ASEAN"
212020,Sweet potatoes,02xxxxx Rau,071420,0212020 Sweet potatoes | Ipomoea batatas,fresh,verified_high,auto_verified,LUMPED(2→071420),,,,"residual ASEAN — giữ nguyên, hoàn thiện nếu nối lại ASEAN"
163020,Bananas,01xxxxx Trái cây (fresh/frozen) + nuts,080390,0163020 Bananas | Musa acuminata; Musa balbisiana; Musa acuminata x Musa balbisiana,fresh,verified_high,auto_verified,LUMPED(4→080390),,,,"residual ASEAN — giữ nguyên, hoàn thiện nếu nối lại ASEAN"
270090,Palm hearts,02xxxxx Rau,070999,0270090 Palm hearts | Bactris gasipaes; Cocos nucifera; Daemonorops jenkinsiana; Euterpe edulis; Euterpe oleracea,fresh,needs_arbitration,auto_hs6_present,LUMPED(2→070959) [SUPERSEDED],,,,"residual ASEAN — giữ nguyên, hoàn thiện nếu nối lại ASEAN | HSFIX5 070959->070999: palm heart=fresh veg nec 0709.99 (đang mushrooms)"
1000000,PRODUCTS OF ANIMAL ORIGIN -TERRESTRIAL ANIMALS,10xxxxx SP động vật (cạn),,1000000 PRODUCTS OF ANIMAL ORIGIN -TERRESTRIAL ANIMALS,fresh,needs_review_group,,,,,EXCLUDED_nonfood(animal),"residual ASEAN — giữ nguyên, hoàn thiện nếu nối lại ASEAN | GROUP_HEADING: loại khỏi release_long (con map riêng) — theo GPT round2"
1017020,Fat,10xxxxx SP động vật (cạn),,1017020 Fat,fresh,needs_review_noanchor,,,,,EXCLUDED_nonfood(animal),"residual ASEAN — giữ nguyên, hoàn thiện nếu nối lại ASEAN"
401140,Hemp seeds,04xxxxx Hạt có dầu/oil fruits,120799,0401140 Hemp seeds | Cannabis sativa subsp. sativa; Cannabis sativa subsp. spontanea,fresh,needs_review_noanchor,auto_sci_name,LUMPED(2→120799),,,,"[map loài→HS: 0401140 Hemp seeds | Cannabis sativa sub] residual ASEAN — giữ nguyên, hoàn thiện nếu nối lại ASEAN"
154030,"Currants (black, red and white)",01xxxxx Trái cây (fresh/frozen) + nuts,081030,"0154030 Currants (black, red and white) | Ribes nigrum; Ribes rubrum",fresh,verified_high,auto_verified,LUMPED(5→081030),,,,"residual ASEAN — giữ nguyên, hoàn thiện nếu nối lại ASEAN"
110000,Citrus fruits,01xxxxx Trái cây (fresh/frozen) + nuts,080590,0110000 Citrus fruits,fresh,needs_review_group,auto_hs6_present,,,,,"residual ASEAN — giữ nguyên, hoàn thiện nếu nối lại ASEAN | GROUP_HEADING: loại khỏi release_long (con map riêng) — theo GPT round2"
1030040,Quail,10xxxxx SP động vật (cạn),,1030040 Quail | Coturnix coturnix; Coturnix japonica,fresh,needs_review_noanchor,,,,,EXCLUDED_nonfood(animal),"residual ASEAN — giữ nguyên, hoàn thiện nếu nối lại ASEAN"
251010,Lamb's lettucescorn salads,02xxxxx Rau,070999,0251010 Lamb's lettuces/corn salads | Valerianella locusta,fresh,needs_arbitration,auto_hs6_present,LUMPED(5→070519) [SUPERSEDED],,,,"residual ASEAN — giữ nguyên, hoàn thiện nếu nối lại ASEAN | LUMP_CERTIFIED 2026-06-29: gộp-cùng-họ (không có HS6 riêng), GIỮ theo chuẩn Ferro2015/Shingal2024 → Limitations | GPTFIX 070519->070999: re-anchor về nec (mã cụ thể sai)"
500070,Rye,05xxxxx Ngũ cốc,100210;100290,0500070 Rye | Secale cereale,fresh,verified_high,auto_verified,,,,,"residual ASEAN — giữ nguyên, hoàn thiện nếu nối lại ASEAN | GPT2FIX 100210->100210;100290: seed↔grain/sweet-cherry split"
213100,Swedesrutabagas,02xxxxx Rau,070690,0213100 Swedes/rutabagas | Brassica napus subsp. napobrassica,fresh,needs_arbitration,auto_hs6_present,LUMPED(4→071410) [SUPERSEDED],,,,"residual ASEAN — giữ nguyên, hoàn thiện nếu nối lại ASEAN | HSFIX2 2026-06-29 071410->071490: su hào=071490 (KHÔNG phải sắn 071410) | GPTFIX 071490->070690: swede=edible root (KHÔNG phải starchy 071490)"
251080,Baby leaf crops (including brassica species),02xxxxx Rau,070519,0251080 Baby leaf crops (including brassica species),fresh,needs_arbitration,auto_hs6_present,LUMPED(5→070519),,,,"residual ASEAN — giữ nguyên, hoàn thiện nếu nối lại ASEAN"
252010,Spinaches,02xxxxx Rau,070970,0252010 Spinaches | Spinacia oleracea,fresh,verified_high,auto_verified,LUMPED(7→070970),,,,"residual ASEAN — giữ nguyên, hoàn thiện nếu nối lại ASEAN"
256060,Rosemary,02xxxxx Rau,070999,0256060 Rosemary | Rosmarinus officinalis,fresh,needs_arbitration,auto_hs6_present,LUMPED(11→070940) [SUPERSEDED],,,,"residual ASEAN — giữ nguyên, hoàn thiện nếu nối lại ASEAN | REANCHOR 070940->070999: lump về nec đúng nhóm (ngoài-panel)"
120050,Coconuts,01xxxxx Trái cây (fresh/frozen) + nuts,080111,0120050 Coconuts | Cocos nucifera,fresh,verified_high,auto_verified,,,,,"residual ASEAN — giữ nguyên, hoàn thiện nếu nối lại ASEAN"
120110,Walnuts,01xxxxx Trái cây (fresh/frozen) + nuts,080231,0120110 Walnuts | Juglans nigra; Juglans regia,fresh,verified_high,auto_verified,,,,,"residual ASEAN — giữ nguyên, hoàn thiện nếu nối lại ASEAN"
830010,Cinnamon,08xxxxx Gia vị,090611,0830010 Cinnamon | Cinnamomum verum ; syn: Cinnamomum zeylanicum,fresh,verified_high,auto_verified,LUMPED(2→090611),,,,"residual ASEAN — giữ nguyên, hoàn thiện nếu nối lại ASEAN"
1016050,Edible offals (other than liver and kidney),10xxxxx SP động vật (cạn),,1016050 Edible offals (other than liver and kidney),fresh,needs_review_noanchor,,,,,EXCLUDED_nonfood(animal),"residual ASEAN — giữ nguyên, hoàn thiện nếu nối lại ASEAN"
1016030,Liver,10xxxxx SP động vật (cạn),,1016030 Liver,fresh,needs_review_noanchor,,,,,EXCLUDED_nonfood(animal),"residual ASEAN — giữ nguyên, hoàn thiện nếu nối lại ASEAN"
163040,Papayas,01xxxxx Trái cây (fresh/frozen) + nuts,080720,0163040 Papayas | Carica papaya,fresh,verified_high,auto_verified,,,,,"residual ASEAN — giữ nguyên, hoàn thiện nếu nối lại ASEAN"
163010,Avocados,01xxxxx Trái cây (fresh/frozen) + nuts,080440,0163010 Avocados | Persea americana,fresh,verified_high,auto_verified,,,,,"residual ASEAN — giữ nguyên, hoàn thiện nếu nối lại ASEAN"
163000,"(c) inedible peel, large",01xxxxx Trái cây (fresh/frozen) + nuts,080310,0163000 ,fresh,needs_review_group,auto_hs6_present,,,,,"residual ASEAN — giữ nguyên, hoàn thiện nếu nối lại ASEAN"
270050,Globe artichokes,02xxxxx Rau,070991,0270050 Globe artichokes | Cynara cardunculus Globe artichoke group,fresh,verified_high,auto_verified,,,,,"residual ASEAN — giữ nguyên, hoàn thiện nếu nối lại ASEAN"
1012030,Liver,10xxxxx SP động vật (cạn),,1012030 Liver,fresh,needs_review_noanchor,,,,,EXCLUDED_nonfood(animal),"residual ASEAN — giữ nguyên, hoàn thiện nếu nối lại ASEAN"
500050,Oat,05xxxxx Ngũ cốc,100410;100490,0500050 Oat | Avena sativa,fresh,verified_high,auto_verified,,,,,"residual ASEAN — giữ nguyên, hoàn thiện nếu nối lại ASEAN | GPT2FIX 100410->100410;100490: seed↔grain/sweet-cherry split"
1300000,PROCESSED FOOD PRODUCTS (9),13xxxxx SP động vật,,1300000 PROCESSED FOOD PRODUCTS ( 9 ),fresh,needs_review_group,,,,,EXCLUDED_nonfood(animal),"residual ASEAN — giữ nguyên, hoàn thiện nếu nối lại ASEAN | GROUP_HEADING: loại khỏi release_long (con map riêng) — theo GPT round2"
810040,Coriander,08xxxxx Gia vị,090921,0810040 Coriander | Coriandrum sativum,fresh,verified_high,auto_verified,LUMPED(7→090921),,,,"residual ASEAN — giữ nguyên, hoàn thiện nếu nối lại ASEAN"
231020,Sweet peppersbell peppers,02xxxxx Rau,070960;090421;090422,0231020 Sweet peppers/bell peppers | Capsicum annuum,RAC_dried,needs_arbitration,vn_finalized,,,,,"[VN-overlay: 070960; 090421; 090422→070960;090421;090422] Ớt/Capsicum: tươi 070960 + KHÔ (RAC, GIỮ mẫu chính) 0904; one-to-many"
1100000,"PRODUCTS OF ANIMAL ORIGIN - FISH, FISHPRODUCTS AND ANY OTHER MARINE AND FRESHWATER FOOD PRODUCTS (8)",11xxxxx SP động vật,,"1100000 PRODUCTS OF ANIMAL ORIGIN - FISH, FISHPRODUCTS AND ANY OTHER MARINE AND FRESHWATER FOOD PRODUCTS ( 8 )",fresh,needs_review_group,,,,,EXCLUDED_nonfood(animal),"residual ASEAN — giữ nguyên, hoàn thiện nếu nối lại ASEAN | GROUP_HEADING: loại khỏi release_long (con map riêng) — theo GPT round2"
500000,CEREALS,05xxxxx Ngũ cốc,,0500000 CEREALS,fresh,needs_review_group,needs_review,,,NO_HS6,,"residual ASEAN — giữ nguyên, hoàn thiện nếu nối lại ASEAN | GROUP_HEADING: loại khỏi release_long (con map riêng) — theo GPT round2"
161050,Carambolas,01xxxxx Trái cây (fresh/frozen) + nuts,081090,0161050 Carambolas | Averrhoa carambola,fresh,needs_arbitration,auto_hs6_present,LUMPED(4→081020) [SUPERSEDED],,,,"residual ASEAN — giữ nguyên, hoàn thiện nếu nối lại ASEAN | REANCHOR 081020->081090: lump về nec đúng nhóm (ngoài-panel)"
256020,Chives,02xxxxx Rau,070999,0256020 Chives | Allium schoenoprasum,fresh,needs_confirm,auto_hs6_present,LUMPED(6→070920) [SUPERSEDED],,,,"residual ASEAN — giữ nguyên, hoàn thiện nếu nối lại ASEAN | REANCHOR 070920->070999: lump về nec đúng nhóm (ngoài-panel)"
212030,Yams,02xxxxx Rau,071430,0212030 Yams | Dioscorea spp.,fresh,verified_high,auto_verified,,,,,"residual ASEAN — giữ nguyên, hoàn thiện nếu nối lại ASEAN"
130030,Quinces,01xxxxx Trái cây (fresh/frozen) + nuts,080840,0130030 Quinces | Cydonia oblonga,fresh,verified_high,auto_verified,,,,,"residual ASEAN — giữ nguyên, hoàn thiện nếu nối lại ASEAN"
290000,Algae and prokaryotes organisms,02xxxxx Rau,121221,0290000 Algae and prokaryotes organisms,fresh,needs_review_group,needs_review,,,,,"residual ASEAN — giữ nguyên, hoàn thiện nếu nối lại ASEAN | GPTFIX add 121221: algae=seaweed edible (trước trống) | GROUP_HEADING: loại khỏi release_long (con map riêng) — theo GPT round2"
1016010,Muscle,10xxxxx SP động vật (cạn),,1016010 Muscle,fresh,needs_review_noanchor,,,,,EXCLUDED_nonfood(animal),"residual ASEAN — giữ nguyên, hoàn thiện nếu nối lại ASEAN"
402000,Oil fruits,04xxxxx Hạt có dầu/oil fruits,,0402000 Oil fruits,fresh,needs_review_group,needs_review,,,NO_HS6,,"residual ASEAN — giữ nguyên, hoàn thiện nếu nối lại ASEAN"
160000,Miscellaneous fruitswith,01xxxxx Trái cây (fresh/frozen) + nuts,,0160000 Miscellaneous fruits with,fresh,needs_review_group,needs_review,,,NO_HS6,,"residual ASEAN — giữ nguyên, hoàn thiện nếu nối lại ASEAN | GROUP_HEADING: loại khỏi release_long (con map riêng) — theo GPT round2"
162030,Passionfruitsmaracujas,01xxxxx Trái cây (fresh/frozen) + nuts,081090,0162030 Passionfruits/maracujas | Passiflora edulis ; syn: Passiflora laurifolia,fresh,needs_arbitration,vn_finalized,LUMPED(6→081090),,,,Chanh leo/passion (Passiflora)
840990,Others (2),08xxxxx Gia vị,091099,0840990 Others ( 2 ),fresh,excluded_nec,auto_hs6_present,LUMPED(3→091011) [SUPERSEDED],,,,"residual ASEAN — giữ nguyên, hoàn thiện nếu nối lại ASEAN | GPTFIX 091011->091099: re-anchor về nec (mã cụ thể sai)"
233020,Pumpkins,02xxxxx Rau,070993,0233020 Pumpkins | Cucurbita maxima,fresh,verified_high,auto_verified,LUMPED(4→070993),,,,"residual ASEAN — giữ nguyên, hoàn thiện nếu nối lại ASEAN"
639000,(d) any other parts of the plant,06xxxxx Chè/cà phê/hật cacao/thảo mộc,,0639000 ,fresh,needs_review_group,needs_review,,,NO_HS6,,"residual ASEAN — giữ nguyên, hoàn thiện nếu nối lại ASEAN"
162050,Star applescainitos,01xxxxx Trái cây (fresh/frozen) + nuts,081090,0162050 Star apples/cainitos | Chrysophyllum cainito,fresh,needs_arbitration,auto_hs6_present,LUMPED(5→081030) [SUPERSEDED],,,,"residual ASEAN — giữ nguyên, hoàn thiện nếu nối lại ASEAN | REANCHOR 081030->081090: lump về nec đúng nhóm (ngoài-panel)"
161070,Jambulsjambolans,01xxxxx Trái cây (fresh/frozen) + nuts,081090,0161070 Jambuls/jambolans | Syzygium cuminii,fresh,needs_arbitration,auto_hs6_present,LUMPED(8→081040) [SUPERSEDED],,,,"residual ASEAN — giữ nguyên, hoàn thiện nếu nối lại ASEAN | REANCHOR 081040->081090: lump về nec đúng nhóm (ngoài-panel)"
212040,Arrowroots,02xxxxx Rau,071490,0212040 Arrowroots | Maranta arundinacea,fresh,verified_high,auto_verified,LUMPED(3→071490),,,,"residual ASEAN — giữ nguyên, hoàn thiện nếu nối lại ASEAN"
840000,Root and rhizome spices,08xxxxx Gia vị,091020,0840000 Root and rhizome spices,fresh,needs_review_group,auto_hs6_present,LUMPED(4→091020),,,,"residual ASEAN — giữ nguyên, hoàn thiện nếu nối lại ASEAN | GROUP_HEADING: loại khỏi release_long (con map riêng) — theo GPT round2"
110050,Mandarins,01xxxxx Trái cây (fresh/frozen) + nuts,080520,0110050 Mandarins | Citrus reticulata ; syn: Citrus deliciosa,fresh,verified_high,vn_finalized,,,,,Quýt/mandarins
251040,Cresses and other sprouts and shoots,02xxxxx Rau,070999,0251040 Cresses and other sprouts and shoots | Lepidium sativum subsp. sativum,fresh,needs_arbitration,auto_hs6_present,LUMPED(5→070519) [SUPERSEDED],,,,"residual ASEAN — giữ nguyên, hoàn thiện nếu nối lại ASEAN | GPTFIX 070519->070999: re-anchor về nec (mã cụ thể sai)"
154040,"Gooseberries (green, red and yellow)",01xxxxx Trái cây (fresh/frozen) + nuts,081030,"0154040 Gooseberries (green, red and yellow) | Ribes uva-crispa",fresh,needs_confirm,auto_hs6_present,LUMPED(5→081030),,,,"residual ASEAN — giữ nguyên, hoàn thiện nếu nối lại ASEAN"
252030,Chards/beet leaves,02xxxxx Rau,070999,0252030 Chards/beet leaves | Beta vulgaris var. flavescens,fresh,needs_arbitration,auto_hs6_present,LUMPED(11→070940) [SUPERSEDED],,,,"residual ASEAN — giữ nguyên, hoàn thiện nếu nối lại ASEAN | REANCHOR 070940->070999: lump về nec đúng nhóm (ngoài-panel)"
810090,Nutmeg,08xxxxx Gia vị,090811,0810090 Nutmeg | Myristica fragrans,fresh,needs_arbitration,auto_hs6_present,LUMPED(7→090921) [SUPERSEDED],,,,"residual ASEAN — giữ nguyên, hoàn thiện nếu nối lại ASEAN | HSFIX4 2026-06-29 090921->090811: nutmeg có mã riêng 0908.11 (đang dưới coriander)"
120020,Brazil nuts,01xxxxx Trái cây (fresh/frozen) + nuts,080121,0120020 Brazil nuts | Bertholletia excelsa,fresh,verified_high,auto_verified,,,,,"residual ASEAN — giữ nguyên, hoàn thiện nếu nối lại ASEAN"
231000,(a) Solanaceae and Malvaceae,02xxxxx Rau,070999,0231000  | Whole product after removal of stems and (in case of species of genus Physalis ) sepals,fresh,needs_review_group,auto_hs6_present,LUMPED(7→070970) [SUPERSEDED],,,,"residual ASEAN — giữ nguyên, hoàn thiện nếu nối lại ASEAN | REANCHOR2 070970->070999: Solanaceae group không phải spinach/mushroom (ngoài-panel)"
150000,Berries and small fruits,01xxxxx Trái cây (fresh/frozen) + nuts,,0150000 Berries and small fruits,fresh,needs_review_group,needs_review,,,NO_HS6,,"residual ASEAN — giữ nguyên, hoàn thiện nếu nối lại ASEAN | GROUP_HEADING: loại khỏi release_long (con map riêng) — theo GPT round2"
500030,Maize/corn,05xxxxx Ngũ cốc,100510;100590,0500030 Maize/corn | Zea mays,fresh,verified_high,auto_verified,,,,,"residual ASEAN — giữ nguyên, hoàn thiện nếu nối lại ASEAN | GPT2FIX 100510->100510;100590: seed↔grain/sweet-cherry split"
810050,Cumin,08xxxxx Gia vị,090931,0810050 Cumin | Cuminum cyminum,fresh,verified_high,auto_verified,,,,,"residual ASEAN — giữ nguyên, hoàn thiện nếu nối lại ASEAN"
1020990,Others (2),10xxxxx SP động vật (cạn),,1020990 Others ( 2 ),fresh,excluded_nec,,,,,EXCLUDED_nonfood(animal),"residual ASEAN — giữ nguyên, hoàn thiện nếu nối lại ASEAN"
213010,Beetroots,02xxxxx Rau,070690,0213010 Beetroots | Beta vulgaris var. vulgaris,fresh,verified_high,auto_verified,LUMPED(5→070690),,,,"residual ASEAN — giữ nguyên, hoàn thiện nếu nối lại ASEAN"
1012990,Others (2),10xxxxx SP động vật (cạn),,1012990 Others ( 2 ),fresh,excluded_nec,,,,,EXCLUDED_nonfood(animal),"residual ASEAN — giữ nguyên, hoàn thiện nếu nối lại ASEAN"
213040,Horseradishes,02xxxxx Rau,070690,0213040 Horseradishes | Armoracia rusticana,fresh,needs_confirm,auto_hs6_present,LUMPED(5→070690),,,,"residual ASEAN — giữ nguyên, hoàn thiện nếu nối lại ASEAN"
1011000,(a) swine,10xxxxx SP động vật (cạn),,1011000  | Sus scrofa,fresh,needs_review_group,,,,,EXCLUDED_nonfood(animal),"residual ASEAN — giữ nguyên, hoàn thiện nếu nối lại ASEAN"
270060,Leeks,02xxxxx Rau,070390,0270060 Leeks | Allium ampeloprasumampeloprasum Pearl-Onion Group; syn: Allium porrum var. sectivum,fresh,verified_high,auto_verified,LUMPED(2→070390),,,,"residual ASEAN — giữ nguyên, hoàn thiện nếu nối lại ASEAN"
161030,Table olives,01xxxxx Trái cây (fresh/frozen) + nuts,070992,0161030 Table olives | Olea europaea,fresh,needs_arbitration,auto_hs6_present,LUMPED(5→081010) [SUPERSEDED],,,,"residual ASEAN — giữ nguyên, hoàn thiện nếu nối lại ASEAN | REANCHOR 081010->070992: lump về nec đúng nhóm (ngoài-panel)"
1017000,(g) other farmed terrestrial animals,10xxxxx SP động vật (cạn),,1017000 ,fresh,needs_review_group,,,,,EXCLUDED_nonfood(animal),"residual ASEAN — giữ nguyên, hoàn thiện nếu nối lại ASEAN"
1011010,Muscle,10xxxxx SP động vật (cạn),,1011010 Muscle,fresh,needs_review_noanchor,,,,,EXCLUDED_nonfood(animal),"residual ASEAN — giữ nguyên, hoàn thiện nếu nối lại ASEAN"
213000,(c) other root and tuber vegetables except sugar beets,02xxxxx Rau,070610,0213000 ,fresh,needs_review_group,auto_hs6_present,LUMPED(5→070610),,,,"residual ASEAN — giữ nguyên, hoàn thiện nếu nối lại ASEAN"
162040,Prickly pears/cactus fruits,01xxxxx Trái cây (fresh/frozen) + nuts,081090,0162040 Prickly pears/cactus fruits | Opuntia ficus-indica,fresh,needs_arbitration,vn_finalized,LUMPED(6→081090),CO-CODE: VN-overlay 081090 (Annex I 0162040-001 Pitayas/dragon fruits Hylocereus undatus); full_parked cũ 081040 SAI,,,"[VN-overlay: 081040→081090] residual ASEAN — giữ nguyên, hoàn thiện nếu nối lại ASEAN"
500010,Barley,05xxxxx Ngũ cốc,100310; 100390,0500010 Barley | Hordeum vulgare,fresh,verified_high,auto_verified,,,,,Barley (Hordeum) → 100310+100390 one-to-many [SỬA: giữ nhánh non-seed]
1030990,Others (2),10xxxxx SP động vật (cạn),,1030990 Others ( 2 ),fresh,excluded_nec,,,,,EXCLUDED_nonfood(animal),"residual ASEAN — giữ nguyên, hoàn thiện nếu nối lại ASEAN"
130990,Others (2),01xxxxx Trái cây (fresh/frozen) + nuts,081090,0130990 Others ( 2 ),fresh,excluded_nec,auto_hs6_present,LUMPED(4→080830) [SUPERSEDED],,,,"residual ASEAN — giữ nguyên, hoàn thiện nếu nối lại ASEAN | GPTFIX 080830->081090: re-anchor về nec (mã cụ thể sai)"
242990,Others (2),02xxxxx Rau,070490,0242990 Others ( 2 ),fresh,excluded_nec,auto_hs6_present,LUMPED(8→070410) [SUPERSEDED],,,,"residual ASEAN — giữ nguyên, hoàn thiện nếu nối lại ASEAN | GPTFIX 070410->070490: others head brassica"
110990,Others (2),01xxxxx Trái cây (fresh/frozen) + nuts,080590,0110990 Others ( 2 ),fresh,excluded_nec,auto_hs6_present,LUMPED(2→080510) [SUPERSEDED],,,,"residual ASEAN — giữ nguyên, hoàn thiện nếu nối lại ASEAN | GPTFIX 080510->080590: others citrus"
631050,Lime/linden,06xxxxx Chè/cà phê/hật cacao/thảo mộc,121190,0631050 Lime/linden | Tilia cordata; Tilia platyphyllos; Tilia tomentosa ; syn: Tilia argentea,fresh,needs_review_noanchor,auto_herbal_infusion,LUMPED(13→121190),,,,"[herbal infusion part→1211 plants for infusion; lumped] residual ASEAN — giữ nguyên, hoàn thiện nếu nối lại ASEAN"
650000,Carobs/Saint John's breads,06xxxxx Chè/cà phê/hật cacao/thảo mộc,121292,0650000 Carobs/Saint John's breads | Ceratonia siliqua,fresh,needs_review_group,needs_review,,,,,"residual ASEAN — giữ nguyên, hoàn thiện nếu nối lại ASEAN | GPTFIX add 121292: carob=locust beans (trước trống) | GROUP_HEADING: loại khỏi release_long (con map riêng) — theo GPT round2"
810080,Fenugreek,08xxxxx Gia vị,091099,0810080 Fenugreek | Trigonella foenum-graecum,fresh,needs_arbitration,auto_hs6_present,LUMPED(7→090921) [SUPERSEDED],,,,"residual ASEAN — giữ nguyên, hoàn thiện nếu nối lại ASEAN | HSFIX6 090921->091099: fenugreek=spice nec, không phải coriander"
1070000,Wild terrestrial vertebrate animals,10xxxxx SP động vật (cạn),,1070000 Wild terrestrial vertebrate animals,fresh,needs_review_group,,,,,EXCLUDED_nonfood(animal),"residual ASEAN — giữ nguyên, hoàn thiện nếu nối lại ASEAN | GROUP_HEADING: loại khỏi release_long (con map riêng) — theo GPT round2"
1020020,Sheep,10xxxxx SP động vật (cạn),,1020020 Sheep | Ovis aries,fresh,needs_review_noanchor,,,,,EXCLUDED_nonfood(animal),"residual ASEAN — giữ nguyên, hoàn thiện nếu nối lại ASEAN"
140020,Cherries (sweet),01xxxxx Trái cây (fresh/frozen) + nuts,080929,0140020 Cherries (sweet) | Cerasus avium ; syn: Prunus avium,fresh,needs_confirm,auto_hs6_present,,,,,"residual ASEAN — giữ nguyên, hoàn thiện nếu nối lại ASEAN | GPT2FIX 080921->080929: seed↔grain/sweet-cherry split"
300990,Others (2),03xxxxx Đậu/pulses,071390,0300990 Others ( 2 ),fresh,excluded_nec,auto_hs6_present,LUMPED(3→071310) [SUPERSEDED],,,,"residual ASEAN — giữ nguyên, hoàn thiện nếu nối lại ASEAN | GPTFIX 071310->071390: re-anchor về nec (mã cụ thể sai)"
820060,"Peppercorn (black, green and white)",08xxxxx Gia vị,090411,"0820060 Peppercorn (black, green and white) | Piper nigrum",fresh,needs_arbitration,auto_hs6_present,LUMPED(4→090411),,,,"residual ASEAN — giữ nguyên, hoàn thiện nếu nối lại ASEAN"
154080,Elderberries,01xxxxx Trái cây (fresh/frozen) + nuts,081090,0154080 Elderberries | Sambucus nigra,fresh,needs_confirm,auto_hs6_present,LUMPED(5→081010) [SUPERSEDED],,,,"residual ASEAN — giữ nguyên, hoàn thiện nếu nối lại ASEAN | REANCHOR 081010->081090: lump về nec đúng nhóm (ngoài-panel)"
270040,Florence fennels,02xxxxx Rau,070999,0270040 Florence fennels | Foeniculum vulgare var. azoricum,fresh,needs_arbitration,auto_hs6_present,LUMPED(3→070951) [SUPERSEDED],,,,"residual ASEAN — giữ nguyên, hoàn thiện nếu nối lại ASEAN | REANCHOR2 070951->070999: Florence fennels không phải spinach/mushroom (ngoài-panel)"
280000,"Fungi, mosses and lichens",02xxxxx Rau,070999,"0280000 Fungi, mosses and lichens",fresh,needs_review_group,auto_hs6_present,LUMPED(7→070970) [SUPERSEDED],,,,"residual ASEAN — giữ nguyên, hoàn thiện nếu nối lại ASEAN | REANCHOR2 070970->070999: Fungi/mosses group không phải spinach/mushroom (ngoài-panel) | GROUP_HEADING: loại khỏi release_long (con map riêng) — theo GPT round2"
252000,(b) spinaches and similar leaves,02xxxxx Rau,070970,0252000 ,fresh,needs_review_group,auto_hs6_present,LUMPED(7→070970),,,,"residual ASEAN — giữ nguyên, hoàn thiện nếu nối lại ASEAN"
120070,Macadamias,01xxxxx Trái cây (fresh/frozen) + nuts,080261,0120070 Macadamias | Macadamia ternifolia ; syn: Macadamia integrifolia; Macadamia tetraphylla,fresh,verified_high,auto_verified,,,,,"residual ASEAN — giữ nguyên, hoàn thiện nếu nối lại ASEAN"
251050,Land cresses,02xxxxx Rau,070999,0251050 Land cresses | Barbarea verna,fresh,needs_arbitration,auto_hs6_present,LUMPED(5→070511) [SUPERSEDED],,,,"residual ASEAN — giữ nguyên, hoàn thiện nếu nối lại ASEAN | LUMP_CERTIFIED 2026-06-29: gộp-cùng-họ (không có HS6 riêng), GIỮ theo chuẩn Ferro2015/Shingal2024 → Limitations | GPTFIX 070511->070999: re-anchor về nec (mã cụ thể sai)"
162000,"(b) inedible peel, small",01xxxxx Trái cây (fresh/frozen) + nuts,081070,0162000 ,fresh,needs_review_group,auto_hs6_present,LUMPED(3→081070),,,,"residual ASEAN — giữ nguyên, hoàn thiện nếu nối lại ASEAN"
220020,Onions,02xxxxx Rau,070310,0220020 Onions | Allium cepa Common Onion Group,fresh,verified_high,auto_verified,LUMPED(4→070310),,,,"residual ASEAN — giữ nguyên, hoàn thiện nếu nối lại ASEAN"
1040000,Honey and other apiculture products (7),10xxxxx SP động vật (cạn),,1040000 Honey and other apiculture products ( 7 ),fresh,needs_review_group,,,,,EXCLUDED_nonfood(animal),"residual ASEAN — giữ nguyên, hoàn thiện nếu nối lại ASEAN | GROUP_HEADING: loại khỏi release_long (con map riêng) — theo GPT round2"
820030,Caraway,08xxxxx Gia vị,090961,0820030 Caraway | Carum carvi,fresh,verified_high,auto_verified,LUMPED(5→090961),,,,"residual ASEAN — giữ nguyên, hoàn thiện nếu nối lại ASEAN"
1013000,(c) sheep,10xxxxx SP động vật (cạn),,1013000  | Ovis aries,fresh,needs_review_group,,,,,EXCLUDED_nonfood(animal),"residual ASEAN — giữ nguyên, hoàn thiện nếu nối lại ASEAN"
401110,Safflower seeds,04xxxxx Hạt có dầu/oil fruits,120760,0401110 Safflower seeds | Carthamus tinctorius,fresh,needs_review_noanchor,auto_sci_name,,,,,"[map loài→HS: 0401110 Safflower seeds | Carthamus tinc] residual ASEAN — giữ nguyên, hoàn thiện nếu nối lại ASEAN | HSFIX2 2026-06-29 120721->120760: rum=safflower 120760"
1015990,Others (2),10xxxxx SP động vật (cạn),,1015990 Others ( 2 ),fresh,excluded_nec,,,,,EXCLUDED_nonfood(animal),"residual ASEAN — giữ nguyên, hoàn thiện nếu nối lại ASEAN"
1020000,Milk,10xxxxx SP động vật (cạn),,1020000 Milk,fresh,needs_review_group,,,,,EXCLUDED_nonfood(animal),"residual ASEAN — giữ nguyên, hoàn thiện nếu nối lại ASEAN | GROUP_HEADING: loại khỏi release_long (con map riêng) — theo GPT round2"
232010,Cucumbers,02xxxxx Rau,070700,0232010 Cucumbers | Cucumis sativus,fresh,verified_high,auto_verified,LUMPED(2→070700),,,,"residual ASEAN — giữ nguyên, hoàn thiện nếu nối lại ASEAN"
633000,(c) roots,06xxxxx Chè/cà phê/hật cacao/thảo mộc,121190,0633000 Roots after removal of tops and soil,fresh,needs_review_group,auto_herbal_infusion,LUMPED(13→121190),,,,"[herbal infusion part→1211 plants for infusion; lumped] residual ASEAN — giữ nguyên, hoàn thiện nếu nối lại ASEAN"
900030,Chicory roots,09xxxxx Cây mía-đường,121294,0900030 Chicory roots | Cichorium intybus Sativum group,fresh,needs_review_noanchor,auto_sci_name,,,,,"[map loài→HS: 0900030 Chicory roots | Cichorium intybu] residual ASEAN — giữ nguyên, hoàn thiện nếu nối lại ASEAN | GPTFIX 121299->121294: chicory roots (mã chuyên dụng)"
213070,Parsley roots/Hamburg roots parsley,02xxxxx Rau,070690,0213070 Parsley roots/Hamburg roots parsley | Petroselinum crispum convar. radicosum,fresh,needs_confirm,auto_hs6_present,LUMPED(3→071490) [SUPERSEDED],,,,"residual ASEAN — giữ nguyên, hoàn thiện nếu nối lại ASEAN | GPTFIX 071490->070690: parsley root=edible root"
243000,(c) leafy brassica,02xxxxx Rau,070490,0243000 Whole plant after removal of roots and decayed leaves,fresh,needs_review_group,auto_hs6_present,,,,,"residual ASEAN — giữ nguyên, hoàn thiện nếu nối lại ASEAN"
140030,Peaches,01xxxxx Trái cây (fresh/frozen) + nuts,080930,0140030 Peaches | Persica vulgaris ; syn: Prunus persica,fresh,verified_high,auto_verified,,,,,"residual ASEAN — giữ nguyên, hoàn thiện nếu nối lại ASEAN"
401000,Oilseeds,04xxxxx Hạt có dầu/oil fruits,,0401000 Oilseeds,fresh,needs_review_group,needs_review,,,NO_HS6,,"residual ASEAN — giữ nguyên, hoàn thiện nếu nối lại ASEAN"
1016000,(f) poultry,10xxxxx SP động vật (cạn),,1016000 ,fresh,needs_review_group,,,,,EXCLUDED_nonfood(animal),"residual ASEAN — giữ nguyên, hoàn thiện nếu nối lại ASEAN"
110040,Limes,01xxxxx Trái cây (fresh/frozen) + nuts,080550,0110040 Limes | Citrus aurantiifolia,fresh,verified_high,auto_verified,LUMPED(2→080550),,,,"residual ASEAN — giữ nguyên, hoàn thiện nếu nối lại ASEAN"
1014010,Muscle,10xxxxx SP động vật (cạn),,1014010 Muscle,fresh,needs_review_noanchor,,,,,EXCLUDED_nonfood(animal),"residual ASEAN — giữ nguyên, hoàn thiện nếu nối lại ASEAN"
213050,Jerusalem artichokes,02xxxxx Rau,071490,0213050 Jerusalem artichokes | Helianthus tuberosus,fresh,verified_high,auto_verified,LUMPED(3→071490),,,,"residual ASEAN — giữ nguyên, hoàn thiện nếu nối lại ASEAN"
270070,Rhubarbs,02xxxxx Rau,070999,0270070 Rhubarbs | Rheum rhabarbarum,fresh,needs_arbitration,auto_hs6_present,LUMPED(4→070993) [SUPERSEDED],,,,"residual ASEAN — giữ nguyên, hoàn thiện nếu nối lại ASEAN | HSFIX6 070993->070999: rhubarb=stem veg, không phải pumpkin"
240000,Brassica vegetables(excluding brassica roots and brassica baby leaf crops),02xxxxx Rau,,0240000 Brassica vegetables (excluding brassica roots and brassica baby leaf crops),fresh,needs_review_group,needs_review,,,NO_HS6,,"residual ASEAN — giữ nguyên, hoàn thiện nếu nối lại ASEAN | GROUP_HEADING: loại khỏi release_long (con map riêng) — theo GPT round2"
256090,Laurel/bay leaves,02xxxxx Rau,091099,0256090 Laurel/bay leaves | Laurus nobilis,fresh,needs_arbitration,auto_hs6_present,,,,,"residual ASEAN — giữ nguyên, hoàn thiện nếu nối lại ASEAN | HSFIX3 2026-06-29 070992->091099: bay leaves=spice; WCO/EU CN hd0910 ghi đích danh bay leaves"
270000,Stem vegetables,02xxxxx Rau,070920,0270000 Stem vegetables,fresh,needs_review_group,auto_hs6_present,LUMPED(6→070920),,,,"residual ASEAN — giữ nguyên, hoàn thiện nếu nối lại ASEAN | GROUP_HEADING: loại khỏi release_long (con map riêng) — theo GPT round2"
500020,Buckwheat and other pseudocereals,05xxxxx Ngũ cốc,100810,0500020 Buckwheat and other pseudocereals | Fagopyrum esculentum,fresh,needs_arbitration,auto_hs6_present,,,,,"residual ASEAN — giữ nguyên, hoàn thiện nếu nối lại ASEAN | GPTFIX 100119->100810: buckwheat (KHÔNG phải durum wheat)"
402010,Olives for oil production,04xxxxx Hạt có dầu/oil fruits,070992,0402010 Olives for oil production | Olea europaea var. europaea,fresh,needs_review_noanchor,auto_sci_name,LUMPED(2→071120) [SUPERSEDED],,,,"residual ASEAN — giữ nguyên, hoàn thiện nếu nối lại ASEAN | GPTFIX 071120->070992: olives for oil fresh"
1012000,(b) bovine,10xxxxx SP động vật (cạn),,1012000  | Bos primigenius taurus,fresh,needs_review_group,,,,,EXCLUDED_nonfood(animal),"residual ASEAN — giữ nguyên, hoàn thiện nếu nối lại ASEAN"
402990,Others (2),04xxxxx Hạt có dầu/oil fruits,,0402990 Others ( 2 ),fresh,excluded_nec,excluded_nec,,,,EXCLUDED_nec(Others catch-all),"residual ASEAN — giữ nguyên, hoàn thiện nếu nối lại ASEAN"
1016040,Kidney,10xxxxx SP động vật (cạn),,1016040 Kidney,fresh,needs_review_noanchor,,,,,EXCLUDED_nonfood(animal),"residual ASEAN — giữ nguyên, hoàn thiện nếu nối lại ASEAN"
1013040,Kidney,10xxxxx SP động vật (cạn),,1013040 Kidney,fresh,needs_review_noanchor,,,,,EXCLUDED_nonfood(animal),"residual ASEAN — giữ nguyên, hoàn thiện nếu nối lại ASEAN"
213090,Salsifies,02xxxxx Rau,070690,0213090 Salsifies | Tragopogon porrifolius,fresh,needs_confirm,auto_hs6_present,LUMPED(5→070690),,,,"residual ASEAN — giữ nguyên, hoàn thiện nếu nối lại ASEAN"
213990,Others (2),02xxxxx Rau,070690,0213990 Others ( 2 ),fresh,excluded_nec,auto_hs6_present,LUMPED(4→071410) [SUPERSEDED],,,,"residual ASEAN — giữ nguyên, hoàn thiện nếu nối lại ASEAN | GPTFIX 071410->070690: others root veg"
860990,Others (2),08xxxxx Gia vị,091099,0860990 Others ( 2 ),fresh,excluded_nec,auto_hs6_present,LUMPED(3→091011) [SUPERSEDED],,,,"residual ASEAN — giữ nguyên, hoàn thiện nếu nối lại ASEAN | GPTFIX 091011->091099: re-anchor về nec (mã cụ thể sai)"
256030,Celery leaves,02xxxxx Rau,070999,0256030 Celery leaves | Apium graveolens var. secalinum,fresh,needs_confirm,auto_hs6_present,LUMPED(11→070940) [SUPERSEDED],,,,"residual ASEAN — giữ nguyên, hoàn thiện nếu nối lại ASEAN | GPTFIX 070940->070999: re-anchor về nec (mã cụ thể sai)"
1015040,Kidney,10xxxxx SP động vật (cạn),,1015040 Kidney,fresh,needs_review_noanchor,,,,,EXCLUDED_nonfood(animal),"residual ASEAN — giữ nguyên, hoàn thiện nếu nối lại ASEAN"
1013030,Liver,10xxxxx SP động vật (cạn),,1013030 Liver,fresh,needs_review_noanchor,,,,,EXCLUDED_nonfood(animal),"residual ASEAN — giữ nguyên, hoàn thiện nếu nối lại ASEAN"
860000,Flower pistil spices,08xxxxx Gia vị,091020,0860000 Flower pistil spices,fresh,needs_review_group,auto_hs6_present,LUMPED(4→091020),,,,"residual ASEAN — giữ nguyên, hoàn thiện nếu nối lại ASEAN | GROUP_HEADING: loại khỏi release_long (con map riêng) — theo GPT round2"
1014990,Others (2),10xxxxx SP động vật (cạn),,1014990 Others ( 2 ),fresh,excluded_nec,,,,,EXCLUDED_nonfood(animal),"residual ASEAN — giữ nguyên, hoàn thiện nếu nối lại ASEAN"
212000,(b) tropical root and tuber vegetables,02xxxxx Rau,071420,0212000 ,fresh,needs_review_group,auto_hs6_present,LUMPED(2→071420),,,,"residual ASEAN — giữ nguyên, hoàn thiện nếu nối lại ASEAN"
233030,Watermelons,02xxxxx Rau,080711,0233030 Watermelons | Citrullus vulgaris ; syn: Citrullus lanatus,fresh,verified_high,auto_verified,,,,,Watermelons (Citrullus) → dưa hấu 080711 [xác nhận]
256990,Others (2),02xxxxx Rau,070999,0256990 Others ( 2 ),fresh,excluded_nec,auto_hs6_present,LUMPED(11→070940) [SUPERSEDED],,,,"residual ASEAN — giữ nguyên, hoàn thiện nếu nối lại ASEAN | GPTFIX 070940->070999: re-anchor về nec (mã cụ thể sai)"
401010,Linseeds,04xxxxx Hạt có dầu/oil fruits,120400,0401010 Linseeds | Linum usitatissimum,fresh,needs_review_noanchor,auto_sci_name,,,,,"[map loài→HS: 0401010 Linseeds | Linum usitatissimum] residual ASEAN — giữ nguyên, hoàn thiện nếu nối lại ASEAN"
300020,Lentils,03xxxxx Đậu/pulses,071340,0300020 Lentils | Lens culinaris ; syn: Lens esculenta,fresh,verified_high,auto_verified,,,,,"residual ASEAN — giữ nguyên, hoàn thiện nếu nối lại ASEAN"
820990,Others (2),08xxxxx Gia vị,091099,0820990 Others ( 2 ),fresh,excluded_nec,auto_hs6_present,LUMPED(4→090411) [SUPERSEDED],,,,"residual ASEAN — giữ nguyên, hoàn thiện nếu nối lại ASEAN | GPTFIX 090411->091099: re-anchor về nec (mã cụ thể sai)"
810010,Anise/aniseed,08xxxxx Gia vị,090961,0810010 Anise/aniseed | Pimpinella anisum,fresh,needs_confirm,auto_hs6_present,LUMPED(7→090921) [SUPERSEDED],,,,"residual ASEAN — giữ nguyên, hoàn thiện nếu nối lại ASEAN | HSFIX4 2026-06-29 090921->090961: anise nằm trong 0909.61 (đang dưới coriander)"
270030,Celeries,02xxxxx Rau,070940,0270030 Celeries | Apium graveolens var. dulce,fresh,verified_high,auto_verified,LUMPED(11→070940),,,,"residual ASEAN — giữ nguyên, hoàn thiện nếu nối lại ASEAN | REANCHOR 070940->070999: lump về nec đúng nhóm (ngoài-panel) | GPTFIX 070999->070940: celery (lỡ re-anchor nhầm về 070999)"
840030,Turmeric/curcuma,08xxxxx Gia vị,091030,0840030 Turmeric/curcuma | Curcuma longa ; syn: Curcuma domestica,fresh,verified_high,auto_verified,LUMPED(2→091030),,,,"residual ASEAN — giữ nguyên, hoàn thiện nếu nối lại ASEAN"
251990,Others (2),02xxxxx Rau,070999,0251990 Others ( 2 ),fresh,excluded_nec,auto_hs6_present,LUMPED(5→070519) [SUPERSEDED],,,,"residual ASEAN — giữ nguyên, hoàn thiện nếu nối lại ASEAN | GPTFIX 070519->070999: re-anchor về nec (mã cụ thể sai)"
251000,(a) lettuces and salad plants,02xxxxx Rau,070511,0251000 ,fresh,needs_review_group,auto_hs6_present,LUMPED(5→070511),,,,"residual ASEAN — giữ nguyên, hoàn thiện nếu nối lại ASEAN"
251030,Escaroles/broad-leaved endives,02xxxxx Rau,070529,0251030 Escaroles/broad-leaved endives | Cichorium endivia var. latifolia,fresh,needs_arbitration,auto_hs6_present,LUMPED(2→070521) [SUPERSEDED],,,,"residual ASEAN — giữ nguyên, hoàn thiện nếu nối lại ASEAN | GPTFIX 070521->070529: escarole=chicory other"
120040,Chestnuts,01xxxxx Trái cây (fresh/frozen) + nuts,080241,0120040 Chestnuts | Castanea crenata; Castanea dentata; Castanea mollissima; Castanea sativa,fresh,verified_high,auto_verified,,,,,"residual ASEAN — giữ nguyên, hoàn thiện nếu nối lại ASEAN"
810020,Black caraway/black cumin,08xxxxx Gia vị,091099,0810020 Black caraway/black cumin | Bunium persicum,fresh,needs_arbitration,auto_hs6_present,LUMPED(5→090961) [SUPERSEDED],,,,"residual ASEAN — giữ nguyên, hoàn thiện nếu nối lại ASEAN | GPTFIX 090961->091099: re-anchor về nec (mã cụ thể sai)"
256100,Tarragon,02xxxxx Rau,070999,0256100 Tarragon | Artemisia dracunculus,fresh,needs_arbitration,auto_hs6_present,LUMPED(6→070920) [SUPERSEDED],,,,"residual ASEAN — giữ nguyên, hoàn thiện nếu nối lại ASEAN | REANCHOR 070920->070999: lump về nec đúng nhóm (ngoài-panel)"
231990,Others (2),02xxxxx Rau,070999,0231990 Others ( 2 ),fresh,excluded_nec,auto_hs6_present,LUMPED(11→070940) [SUPERSEDED],,,,"residual ASEAN — giữ nguyên, hoàn thiện nếu nối lại ASEAN | GPTFIX 070940->070999: re-anchor về nec (mã cụ thể sai)"
154020,Cranberries,01xxxxx Trái cây (fresh/frozen) + nuts,081040,0154020 Cranberries | Vaccinium macrocarpon,fresh,verified_high,auto_verified,LUMPED(8→081040),,,,"residual ASEAN — giữ nguyên, hoàn thiện nếu nối lại ASEAN"
120030,Cashew nuts,01xxxxx Trái cây (fresh/frozen) + nuts,080131,0120030 Cashew nuts | Anacardium occidentale,fresh,verified_high,auto_verified,LUMPED(2→080131),,,,"residual ASEAN — giữ nguyên, hoàn thiện nếu nối lại ASEAN"
631010,Chamomile,06xxxxx Chè/cà phê/hật cacao/thảo mộc,121190,0631010 Chamomile | Chamaemelum nobile ; syn: Anthemis nobilis; Matricaria recutita ; syn: Matricaria chamomilla,fresh,needs_review_noanchor,auto_herbal_infusion,LUMPED(13→121190),,,,"[herbal infusion part→1211 plants for infusion; lumped] residual ASEAN — giữ nguyên, hoàn thiện nếu nối lại ASEAN"
100000,"FRUITS, FRESH or FROZEN; TREE NUTS",01xxxxx Trái cây (fresh/frozen) + nuts,,"0100000 FRUITS, FRESH or FROZEN; TREE NUTS",fresh,needs_review_group,needs_review,,,NO_HS6,,"residual ASEAN — giữ nguyên, hoàn thiện nếu nối lại ASEAN | GROUP_HEADING: loại khỏi release_long (con map riêng) — theo GPT round2"
1030020,Duck,10xxxxx SP động vật (cạn),,1030020 Duck | Anas platyrhynchos,fresh,needs_review_noanchor,,,,,EXCLUDED_nonfood(animal),"residual ASEAN — giữ nguyên, hoàn thiện nếu nối lại ASEAN"
820070,Vanilla,08xxxxx Gia vị,090510,0820070 Vanilla | Vanilla planifolia ; syn: Vanilla fragrans,fresh,needs_arbitration,auto_hs6_present,LUMPED(2→090821) [SUPERSEDED],,,,"residual ASEAN — giữ nguyên, hoàn thiện nếu nối lại ASEAN | HSFIX4 2026-06-29 090821->090510: vanilla có mã riêng 0905.10 (đang dưới mace)"
241010,Broccoli,02xxxxx Rau,070410,0241010 Broccoli | Brassica oleracea var. italica,fresh,verified_high,auto_verified,LUMPED(8→070410),,,,"residual ASEAN — giữ nguyên, hoàn thiện nếu nối lại ASEAN"
820040,Cardamom,08xxxxx Gia vị,090831,0820040 Cardamom | Elettaria cardamomum,fresh,verified_high,auto_verified,,,,,"residual ASEAN — giữ nguyên, hoàn thiện nếu nối lại ASEAN"
850990,Others (2),08xxxxx Gia vị,091099,0850990 Others ( 2 ),fresh,excluded_nec,auto_hs6_present,LUMPED(4→090710) [SUPERSEDED],,,,"residual ASEAN — giữ nguyên, hoàn thiện nếu nối lại ASEAN | GPTFIX 090710->091099: re-anchor về nec (mã cụ thể sai)"
1012020,Fat,10xxxxx SP động vật (cạn),,1012020 Fat,fresh,needs_review_noanchor,,,,,EXCLUDED_nonfood(animal),"residual ASEAN — giữ nguyên, hoàn thiện nếu nối lại ASEAN"
500080,Sorghum,05xxxxx Ngũ cốc,100710;100790,0500080 Sorghum | Sorghum bicolor,fresh,verified_high,auto_verified,,,,,"residual ASEAN — giữ nguyên, hoàn thiện nếu nối lại ASEAN | GPT2FIX 100710->100710;100790: seed↔grain/sweet-cherry split"
900000,SUGAR PLANTS,09xxxxx Cây mía-đường,,0900000 SUGAR PLANTS,fresh,needs_review_group,needs_review,,,NO_HS6,,"residual ASEAN — giữ nguyên, hoàn thiện nếu nối lại ASEAN | GROUP_HEADING: loại khỏi release_long (con map riêng) — theo GPT round2"
213110,Turnips,02xxxxx Rau,070610,0213110 Turnips | Brassica rapa subsp. rapa,fresh,verified_high,auto_verified,LUMPED(5→070610),,,,"residual ASEAN — giữ nguyên, hoàn thiện nếu nối lại ASEAN"
120100,Pistachios,01xxxxx Trái cây (fresh/frozen) + nuts,080251,0120100 Pistachios | Pistacia vera,fresh,verified_high,auto_verified,,,,,"residual ASEAN — giữ nguyên, hoàn thiện nếu nối lại ASEAN"
110010,Grapefruits,01xxxxx Trái cây (fresh/frozen) + nuts,080540,0110010 Grapefruits | Citrus paradisi,fresh,verified_high,vn_finalized,,,,,"Bưởi/pomelo (grapefruit incl pomelos), heading 0805"
140000,Stone fruits,01xxxxx Trái cây (fresh/frozen) + nuts,080940,0140000 Stone fruits,fresh,needs_review_group,auto_hs6_present,LUMPED(2→080940),,,,"residual ASEAN — giữ nguyên, hoàn thiện nếu nối lại ASEAN | GROUP_HEADING: loại khỏi release_long (con map riêng) — theo GPT round2"
120990,Others (2),01xxxxx Trái cây (fresh/frozen) + nuts,080270,0120990 Others ( 2 ),fresh,excluded_nec,auto_hs6_present,,,,,"residual ASEAN — giữ nguyên, hoàn thiện nếu nối lại ASEAN | GPTFIX 080119->080270: others tree nuts=kola"
161020,Figs,01xxxxx Trái cây (fresh/frozen) + nuts,080420,0161020 Figs | Ficus carica,fresh,verified_high,auto_verified,,,,,"residual ASEAN — giữ nguyên, hoàn thiện nếu nối lại ASEAN"
260020,Beans (without pods),02xxxxx Rau,070820,0260020 Beans (without pods) | Phaseolus vulgaris,fresh,needs_arbitration,auto_hs6_present,LUMPED(2→070820),,,,"residual ASEAN — giữ nguyên, hoàn thiện nếu nối lại ASEAN"
270080,Bamboo shoots,02xxxxx Rau,070999,0270080 Bamboo shoots | Bambusa vulgaris; Phyllostachys edulis,fresh,needs_arbitration,auto_hs6_present,LUMPED(3→070951) [SUPERSEDED],,,,"residual ASEAN — giữ nguyên, hoàn thiện nếu nối lại ASEAN | REANCHOR2 070951->070999: Bamboo shoots không phải spinach/mushroom (ngoài-panel)"
130040,Medlars,01xxxxx Trái cây (fresh/frozen) + nuts,081090,0130040 Medlars | Mespilus germanica,fresh,needs_arbitration,auto_hs6_present,LUMPED(4→080830) [SUPERSEDED],,,,"residual ASEAN — giữ nguyên, hoàn thiện nếu nối lại ASEAN | LUMP_CERTIFIED 2026-06-29: gộp-cùng-họ (không có HS6 riêng), GIỮ theo chuẩn Ferro2015/Shingal2024 → Limitations | GPTFIX 080830->081090: re-anchor về nec (mã cụ thể sai)"
153000,(c) cane fruits,01xxxxx Trái cây (fresh/frozen) + nuts,081020,0153000 ,fresh,needs_review_group,auto_hs6_present,LUMPED(6→081090) [SUPERSEDED],,,,"residual ASEAN — giữ nguyên, hoàn thiện nếu nối lại ASEAN | GPTFIX 081090->081020: cane fruits=Rubus"
239000,(e) other fruiting vegetables,02xxxxx Rau,070999,0239000 Whole product after removal of stems,fresh,needs_review_group,auto_hs6_present,LUMPED(11→070940) [SUPERSEDED],,,,"residual ASEAN — giữ nguyên, hoàn thiện nếu nối lại ASEAN | GPTFIX 070940->070999: re-anchor về nec (mã cụ thể sai)"
401020,Peanuts/groundnuts,04xxxxx Hạt có dầu/oil fruits,120242,0401020 Peanuts/groundnuts | Arachis hypogaea,fresh,needs_review_noanchor,auto_sci_name,,,,,"[map loài→HS: 0401020 Peanuts/groundnuts | Arachis hyp] residual ASEAN — giữ nguyên, hoàn thiện nếu nối lại ASEAN"
630000,Herbal infusions from,06xxxxx Chè/cà phê/hật cacao/thảo mộc,121190,0630000 Herbal infusions from,fresh,needs_review_group,auto_hs6_present,LUMPED(4→091020) [SUPERSEDED],,,,"residual ASEAN — giữ nguyên, hoàn thiện nếu nối lại ASEAN | HSFIX6 091020->121190: herbal infusions group→plants 1211.90, không phải saffron | GROUP_HEADING: loại khỏi release_long (con map riêng) — theo GPT round2"
1013020,Fat,10xxxxx SP động vật (cạn),,1013020 Fat,fresh,needs_review_noanchor,,,,,EXCLUDED_nonfood(animal),"residual ASEAN — giữ nguyên, hoàn thiện nếu nối lại ASEAN"
1017050,Edible offals (other than liver and kidney),10xxxxx SP động vật (cạn),,1017050 Edible offals (other than liver and kidney),fresh,needs_review_noanchor,,,,,EXCLUDED_nonfood(animal),"residual ASEAN — giữ nguyên, hoàn thiện nếu nối lại ASEAN"
234000,(d) sweet corn,02xxxxx Rau,070999,0234000 Kernels ( 3 ) plus cob without husks | Zea mays convar. saccharata,fresh,needs_review_group,auto_hs6_present,LUMPED(7→070970) [SUPERSEDED],,,,"residual ASEAN — giữ nguyên, hoàn thiện nếu nối lại ASEAN | REANCHOR2 070970->070999: sweet corn không phải spinach/mushroom (ngoài-panel)"
260040,Peas (without pods),02xxxxx Rau,070810,0260040 Peas (without pods) | Pisum sativum,fresh,needs_confirm,auto_hs6_present,LUMPED(4→070810),,,,"residual ASEAN — giữ nguyên, hoàn thiện nếu nối lại ASEAN"
255000,(e) witloofs/Belgian endives,02xxxxx Rau,070521,0255000  | Cichorium intybus Foliosum group,fresh,needs_review_group,auto_hs6_present,LUMPED(2→070521),,,,"residual ASEAN — giữ nguyên, hoàn thiện nếu nối lại ASEAN"
162990,Others (2),01xxxxx Trái cây (fresh/frozen) + nuts,081090,0162990 Others ( 2 ),fresh,excluded_nec,auto_hs6_present,LUMPED(8→081040) [SUPERSEDED],,,,"residual ASEAN — giữ nguyên, hoàn thiện nếu nối lại ASEAN | GPTFIX 081040->081090: re-anchor về nec (mã cụ thể sai)"
243020,Kales,02xxxxx Rau,070490,0243020 Kales | Brassica oleracea var. sabellica; Brassica oleracea var. viridis,fresh,needs_confirm,auto_hs6_present,LUMPED(8→070410) [SUPERSEDED],,,,"residual ASEAN — giữ nguyên, hoàn thiện nếu nối lại ASEAN | GPTFIX 070410->070490: kale=brassica"
162010,"Kiwi fruits (green, red, yellow)",01xxxxx Trái cây (fresh/frozen) + nuts,081050,"0162010 Kiwi fruits (green, red, yellow) | Actinidia deliciosa; Actinidia chinensis",fresh,needs_arbitration,auto_hs6_present,,,,,"residual ASEAN — giữ nguyên, hoàn thiện nếu nối lại ASEAN"
600000,"TEAS, COFFEE, HERBAL INFUSIONS, COCOA AND CAROBS",06xxxxx Chè/cà phê/hật cacao/thảo mộc,,"0600000 TEAS, COFFEE, HERBAL INFUSIONS, COCOA AND CAROBS",fresh,needs_review_group,needs_review,,,NO_HS6,,"residual ASEAN — giữ nguyên, hoàn thiện nếu nối lại ASEAN | GROUP_HEADING: loại khỏi release_long (con map riêng) — theo GPT round2"
1015020,Fat,10xxxxx SP động vật (cạn),,1015020 Fat,fresh,needs_review_noanchor,,,,,EXCLUDED_nonfood(animal),"residual ASEAN — giữ nguyên, hoàn thiện nếu nối lại ASEAN"
860010,Saffron,08xxxxx Gia vị,091020,0860010 Saffron | Crocus sativus,fresh,verified_high,auto_verified,LUMPED(4→091020),,,,"residual ASEAN — giữ nguyên, hoàn thiện nếu nối lại ASEAN"
130010,Apples,01xxxxx Trái cây (fresh/frozen) + nuts,080810,0130010 Apples | Malus domestica,fresh,verified_high,auto_verified,LUMPED(2→080810),,,,"residual ASEAN — giữ nguyên, hoàn thiện nếu nối lại ASEAN"
270020,Cardoons,02xxxxx Rau,070999,0270020 Cardoons | Cynara cardunculus Cardoon group,fresh,needs_confirm,auto_hs6_present,LUMPED(7→070970) [SUPERSEDED],,,,"residual ASEAN — giữ nguyên, hoàn thiện nếu nối lại ASEAN | REANCHOR2 070970->070999: Cardoons không phải spinach/mushroom (ngoài-panel)"
220030,Shallots,02xxxxx Rau,070310,0220030 Shallots | Allium cepa Aggregatum Group; syn: Allium ascalonicum,fresh,verified_high,auto_verified,LUMPED(4→070310),,,,"residual ASEAN — giữ nguyên, hoàn thiện nếu nối lại ASEAN"
820050,Juniper berry,08xxxxx Gia vị,090961,0820050 Juniper berry | Juniperus communis,fresh,verified_high,auto_verified,LUMPED(5→090961),,,,"residual ASEAN — giữ nguyên, hoàn thiện nếu nối lại ASEAN"
1030010,Chicken,10xxxxx SP động vật (cạn),,1030010 Chicken | Gallus gallus,fresh,needs_review_noanchor,,,,,EXCLUDED_nonfood(animal),"residual ASEAN — giữ nguyên, hoàn thiện nếu nối lại ASEAN"
633020,Ginseng,06xxxxx Chè/cà phê/hật cacao/thảo mộc,121120,0633020 Ginseng | Panax ginseng; Panax quinquefolius,fresh,needs_review_noanchor,auto_herbal_infusion,LUMPED(13→121190) [SUPERSEDED],,,,"[herbal infusion part→1211 plants for infusion; lumped] residual ASEAN — giữ nguyên, hoàn thiện nếu nối lại ASEAN | GPTFIX 121190->121120: ginseng roots (mã chuyên dụng)"
631020,Hibiscus/roselle,06xxxxx Chè/cà phê/hật cacao/thảo mộc,121190,0631020 Hibiscus/roselle | Hibiscus sabdariffa,fresh,needs_review_noanchor,auto_herbal_infusion,LUMPED(13→121190),,,,"[herbal infusion part→1211 plants for infusion; lumped] residual ASEAN — giữ nguyên, hoàn thiện nếu nối lại ASEAN"
241020,Cauliflowers,02xxxxx Rau,070410,0241020 Cauliflowers | Brassica oleracea var. botrytis,fresh,verified_high,auto_verified,LUMPED(8→070410),,,,"residual ASEAN — giữ nguyên, hoàn thiện nếu nối lại ASEAN"
120090,Pine nut kernels,01xxxxx Trái cây (fresh/frozen) + nuts,080290,0120090 Pine nut kernels | Pinus pinea,fresh,needs_arbitration,auto_hs6_present,,,,,"residual ASEAN — giữ nguyên, hoàn thiện nếu nối lại ASEAN | HSFIX2 2026-06-29 080112->080290: hạt thông=nut nec 080290 (KHÔNG phải dừa)"
163060,Cherimoyas,01xxxxx Trái cây (fresh/frozen) + nuts,081090,0163060 Cherimoyas | Annona cherimola,fresh,needs_confirm,vn_finalized,LUMPED(6→081090),,,,"[VN-overlay: 081070→081090] residual ASEAN — giữ nguyên, hoàn thiện nếu nối lại ASEAN"
120000,Tree nuts,01xxxxx Trái cây (fresh/frozen) + nuts,080280,0120000 Tree nuts,fresh,needs_review_group,auto_hs6_present,,,,,"residual ASEAN — giữ nguyên, hoàn thiện nếu nối lại ASEAN | GROUP_HEADING: loại khỏi release_long (con map riêng) — theo GPT round2"
620000,Coffee beans,06xxxxx Chè/cà phê/hật cacao/thảo mộc,090111;090112;090121;090122,0620000 Coffee beans | Coffea arabica; Coffea canephora ; syn: Coffea robusta; Coffea liberica,RAC,needs_review_group,vn_finalized,,,,,"[VN-overlay: 090111; 090112; 090121; 090122→090111;090112;090121;090122] Cà phê/coffee — RAC=nhân (090111 green primary), GIỮ mẫu chính | GROUP_HEADING: loại khỏi release_long (con map riêng) — theo GPT round2"
632030,Mate/maté,06xxxxx Chè/cà phê/hật cacao/thảo mộc,090300,0632030 Mate/maté | Ilex paraguariensis,fresh,needs_review_noanchor,auto_herbal_infusion,LUMPED(13→121190) [SUPERSEDED],,,,"[herbal infusion part→1211 plants for infusion; lumped] residual ASEAN — giữ nguyên, hoàn thiện nếu nối lại ASEAN | GPTFIX 121190->090300: mate (mã chuyên dụng)"
163090,Breadfruits,01xxxxx Trái cây (fresh/frozen) + nuts,081090,0163090 Breadfruits | Artocarpus altilis,fresh,needs_confirm,auto_hs6_present,LUMPED(6→081090),,,,"residual ASEAN — giữ nguyên, hoàn thiện nếu nối lại ASEAN"
140990,Others (2),01xxxxx Trái cây (fresh/frozen) + nuts,081090,0140990 Others ( 2 ),fresh,excluded_nec,auto_hs6_present,,,,,"residual ASEAN — giữ nguyên, hoàn thiện nếu nối lại ASEAN | GPTFIX 080929->081090: re-anchor về nec (mã cụ thể sai)"
632000,(b) leaves and herbs,06xxxxx Chè/cà phê/hật cacao/thảo mộc,121190,"0632000 Leaves and aerial green parts, after removal of decayed leaves",fresh,needs_review_group,auto_herbal_infusion,LUMPED(13→121190),,,,"[herbal infusion part→1211 plants for infusion; lumped] residual ASEAN — giữ nguyên, hoàn thiện nếu nối lại ASEAN"
401040,Sesame seeds,04xxxxx Hạt có dầu/oil fruits,120740,0401040 Sesame seeds | Sesamum indicum,fresh,needs_review_noanchor,auto_sci_name,LUMPED(2→120730) [SUPERSEDED],,,,"[map loài→HS: 0401040 Sesame seeds | Sesamum indicum] residual ASEAN — giữ nguyên, hoàn thiện nếu nối lại ASEAN | HSFIX2 2026-06-29 120730->120740: mè=sesamum 120740"
1017040,Kidney,10xxxxx SP động vật (cạn),,1017040 Kidney,fresh,needs_review_noanchor,,,,,EXCLUDED_nonfood(animal),"residual ASEAN — giữ nguyên, hoàn thiện nếu nối lại ASEAN"
850000,Bud spices,08xxxxx Gia vị,090710,0850000 Bud spices,fresh,needs_review_group,auto_hs6_present,LUMPED(4→090710),,,,"residual ASEAN — giữ nguyên, hoàn thiện nếu nối lại ASEAN | GROUP_HEADING: loại khỏi release_long (con map riêng) — theo GPT round2"
840020,Ginger (10),08xxxxx Gia vị,091011,0840020 Ginger ( 10 ) | Zingiber officinale,fresh,verified_high,auto_verified,LUMPED(3→091011),,,,"residual ASEAN — giữ nguyên, hoàn thiện nếu nối lại ASEAN"
153010,Blackberries,01xxxxx Trái cây (fresh/frozen) + nuts,081020,0153010 Blackberries | Rubus sect. Rubus,fresh,verified_high,auto_verified,LUMPED(4→081020),,,,"residual ASEAN — giữ nguyên, hoàn thiện nếu nối lại ASEAN"
270010,Asparagus,02xxxxx Rau,070920,0270010 Asparagus | Asparagus officinalis,fresh,verified_high,auto_verified,LUMPED(6→070920),,,,"residual ASEAN — giữ nguyên, hoàn thiện nếu nối lại ASEAN"
163080,Pineapples,01xxxxx Trái cây (fresh/frozen) + nuts,080430,0163080 Pineapples | Ananas comosus,fresh,verified_high,auto_verified,LUMPED(2→080430),,,,"residual ASEAN — giữ nguyên, hoàn thiện nếu nối lại ASEAN"
820000,Fruit spices,08xxxxx Gia vị,090411,0820000 Fruit spices,fresh,needs_review_group,auto_hs6_present,LUMPED(4→090411),,,,"residual ASEAN — giữ nguyên, hoàn thiện nếu nối lại ASEAN | GROUP_HEADING: loại khỏi release_long (con map riêng) — theo GPT round2"
1011050,Edible offals (other than liver and kidney),10xxxxx SP động vật (cạn),,1011050 Edible offals (other than liver and kidney),fresh,needs_review_noanchor,,,,,EXCLUDED_nonfood(animal),"residual ASEAN — giữ nguyên, hoàn thiện nếu nối lại ASEAN"
231030,Aubergines/eggplants,02xxxxx Rau,070930,0231030 Aubergines/eggplants | Solanum melongena,fresh,verified_high,auto_verified,LUMPED(3→070930),,,,"residual ASEAN — giữ nguyên, hoàn thiện nếu nối lại ASEAN"
152000,(b) strawberries,01xxxxx Trái cây (fresh/frozen) + nuts,081010,0152000  | Fragaria x ananassa,fresh,needs_review_group,auto_hs6_present,LUMPED(5→081010),,,,"residual ASEAN — giữ nguyên, hoàn thiện nếu nối lại ASEAN"
256000,(f) herbs and edible flowers,02xxxxx Rau,070999,0256000 ,fresh,needs_review_group,vn_finalized,LUMPED(2→070999),,,,"Rau thơm/herbs (húng 0256080, ngò/mùi, bạc hà, tía tô…) → veg n.e.c. 070999 (cấp nhóm)"
631000,(a) flowers,06xxxxx Chè/cà phê/hật cacao/thảo mộc,121190,0631000 Flowers after removal of stalks and decayed parts (except Chamomile),fresh,needs_review_group,auto_herbal_infusion,LUMPED(13→121190),,,,"[herbal infusion part→1211 plants for infusion; lumped] residual ASEAN — giữ nguyên, hoàn thiện nếu nối lại ASEAN"
130020,Pears,01xxxxx Trái cây (fresh/frozen) + nuts,080830,0130020 Pears | Pyrus communis,fresh,verified_high,auto_verified,LUMPED(4→080830),,,,"residual ASEAN — giữ nguyên, hoàn thiện nếu nối lại ASEAN"
161990,Others (2),01xxxxx Trái cây (fresh/frozen) + nuts,081090,0161990 Others ( 2 ),fresh,excluded_nec,auto_hs6_present,LUMPED(8→081040) [SUPERSEDED],,,,"residual ASEAN — giữ nguyên, hoàn thiện nếu nối lại ASEAN | GPTFIX 081040->081090: re-anchor về nec (mã cụ thể sai)"
232000,(b) cucurbits with edible peel,02xxxxx Rau,070993,0232000 Whole product after removal of stems,fresh,needs_review_group,auto_hs6_present,LUMPED(4→070993),,,,"residual ASEAN — giữ nguyên, hoàn thiện nếu nối lại ASEAN"
120060,Hazelnuts/cobnuts,01xxxxx Trái cây (fresh/frozen) + nuts,080221,0120060 Hazelnuts/cobnuts | Corylus avellana,fresh,verified_high,auto_verified,,,,,"residual ASEAN — giữ nguyên, hoàn thiện nếu nối lại ASEAN"
870990,Others (2),08xxxxx Gia vị,091099,0870990 Others ( 2 ),fresh,excluded_nec,auto_hs6_present,LUMPED(2→090811) [SUPERSEDED],,,,"residual ASEAN — giữ nguyên, hoàn thiện nếu nối lại ASEAN | GPTFIX 090811->091099: re-anchor về nec (mã cụ thể sai)"
280010,Cultivated fungi,02xxxxx Rau,070951,0280010 Cultivated fungi,fresh,needs_arbitration,auto_hs6_present,LUMPED(3→070960) [SUPERSEDED],,,,"residual ASEAN — giữ nguyên, hoàn thiện nếu nối lại ASEAN | GPTFIX 070960->070951: cultivated fungi Agaricus"
1017990,Others (2),10xxxxx SP động vật (cạn),,1017990 Others ( 2 ),fresh,excluded_nec,,,,,EXCLUDED_nonfood(animal),"residual ASEAN — giữ nguyên, hoàn thiện nếu nối lại ASEAN"
251060,Roman rocket/rucola,02xxxxx Rau,070999,0251060 Roman rocket/rucola | Eruca sativa,fresh,needs_arbitration,auto_hs6_present,LUMPED(5→070511) [SUPERSEDED],,,,"residual ASEAN — giữ nguyên, hoàn thiện nếu nối lại ASEAN | GPTFIX 070511->070999: re-anchor về nec (mã cụ thể sai)"
1016020,Fat,10xxxxx SP động vật (cạn),,1016020 Fat,fresh,needs_review_noanchor,,,,,EXCLUDED_nonfood(animal),"residual ASEAN — giữ nguyên, hoàn thiện nếu nối lại ASEAN"
213020,Carrots,02xxxxx Rau,070610,0213020 Carrots | Daucus carota subsp. sativus,fresh,verified_high,auto_verified,LUMPED(5→070610),,,,"residual ASEAN — giữ nguyên, hoàn thiện nếu nối lại ASEAN"
120080,Pecans,01xxxxx Trái cây (fresh/frozen) + nuts,080290,0120080 Pecans | Carya illinoinensis,fresh,needs_confirm,auto_hs6_present,LUMPED(2→080131) [SUPERSEDED],,,,"residual ASEAN — giữ nguyên, hoàn thiện nếu nối lại ASEAN | HSFIX6 080131->080290: pecans=nut nec, không phải cashew"
1014020,Fat,10xxxxx SP động vật (cạn),,1014020 Fat,fresh,needs_review_noanchor,,,,,EXCLUDED_nonfood(animal),"residual ASEAN — giữ nguyên, hoàn thiện nếu nối lại ASEAN"
163990,Others (2),01xxxxx Trái cây (fresh/frozen) + nuts,081090,0163990 Others ( 2 ),fresh,excluded_nec,auto_hs6_present,LUMPED(4→080390) [SUPERSEDED],,,,"residual ASEAN — giữ nguyên, hoàn thiện nếu nối lại ASEAN | GPTFIX 080390->081090: re-anchor về nec (mã cụ thể sai)"
300030,Peas,03xxxxx Đậu/pulses,071310,0300030 Peas | Pisum sativum,fresh,verified_high,auto_verified,LUMPED(3→071310),,,,"residual ASEAN — giữ nguyên, hoàn thiện nếu nối lại ASEAN"
400000,OILSEEDS AND OIL FRUITS,04xxxxx Hạt có dầu/oil fruits,,0400000 OILSEEDS AND OIL FRUITS,fresh,needs_review_group,needs_review,,,NO_HS6,,"residual ASEAN — giữ nguyên, hoàn thiện nếu nối lại ASEAN | GROUP_HEADING: loại khỏi release_long (con map riêng) — theo GPT round2"
161060,Kaki/Japanese persimmons,01xxxxx Trái cây (fresh/frozen) + nuts,081070,0161060 Kaki/Japanese persimmons | Diospyros kaki,fresh,needs_confirm,auto_hs6_present,LUMPED(3→081070),,,,"residual ASEAN — giữ nguyên, hoàn thiện nếu nối lại ASEAN"
154000,(d) other small fruits and berries,01xxxxx Trái cây (fresh/frozen) + nuts,081040,0154000 ,fresh,needs_review_group,auto_hs6_present,LUMPED(8→081040),,,,"residual ASEAN — giữ nguyên, hoàn thiện nếu nối lại ASEAN"
151000,(a) grapes,01xxxxx Trái cây (fresh/frozen) + nuts,080610,0151000 ,fresh,needs_review_group,auto_hs6_present,LUMPED(3→080610),,,,"residual ASEAN — giữ nguyên, hoàn thiện nếu nối lại ASEAN"
163030,Mangoes,01xxxxx Trái cây (fresh/frozen) + nuts,080450,0163030 Mangoes | Mangifera indica,fresh,verified_high,vn_finalized,LUMPED(2→080450),,,,Xoài/mango (Mangifera) — guavas/mangoes/mangosteens 080450
120010,Almonds,01xxxxx Trái cây (fresh/frozen) + nuts,080211,0120010 Almonds | Amygdalus communis ; syn: Prunus dulcis,fresh,verified_high,auto_verified,,,,,"residual ASEAN — giữ nguyên, hoàn thiện nếu nối lại ASEAN"
840010,Liquorice,08xxxxx Gia vị,121190,0840010 Liquorice | Glycyrrhiza glabra,fresh,needs_arbitration,auto_hs6_present,LUMPED(2→091030) [SUPERSEDED],,,,"residual ASEAN — giữ nguyên, hoàn thiện nếu nối lại ASEAN | HSFIX4 2026-06-29 091030->121190: liquorice root=cây dược 1211.90 (đang dưới turmeric)"
1060000,Terrestrial invertebrate animals,10xxxxx SP động vật (cạn),,1060000 Terrestrial invertebrate animals,fresh,needs_review_group,,,,,EXCLUDED_nonfood(animal),"residual ASEAN — giữ nguyên, hoàn thiện nếu nối lại ASEAN | GROUP_HEADING: loại khỏi release_long (con map riêng) — theo GPT round2"
401120,Borage seeds,04xxxxx Hạt có dầu/oil fruits,120799,0401120 Borage seeds | Borago officinalis,fresh,needs_review_noanchor,auto_sci_name,,,,,"[map loài→HS: 0401120 Borage seeds | Borago officinali] residual ASEAN — giữ nguyên, hoàn thiện nếu nối lại ASEAN | HSFIX2 2026-06-29 120760->120799: borage=oilseed nec 120799"
